P,Ag,Al,Fe,K,Li,Mo,Na,Nb,V,W,Zn,Density,Tg,conductivity @30°C,EDC / kJ mol-1,source_file,avg_radius,avg_charge,avg_field_strength
40.0,0.0,20.0,0.0,5.0,0.0,0.0,35.0,0.0,0.0,0.0,0.0,2.63,413.0,4.107712125533861e-10,84.86145205,data.xlsx,0.684,3.0,16.34907103038065
40.0,0.0,17.5,0.0,7.5,0.0,0.0,35.0,0.0,0.0,0.0,0.0,2.62,409.0,2.8521344870234806e-10,88.95048635,data.xlsx,0.70525,2.95,16.09519959260028
40.0,0.0,15.0,0.0,10.0,0.0,0.0,35.0,0.0,0.0,0.0,0.0,2.61,404.0,1.7435323106112087e-10,92.9652272,data.xlsx,0.7265,2.9,15.841328154819912
40.0,0.0,12.5,0.0,12.5,0.0,0.0,35.0,0.0,0.0,0.0,0.0,2.6,395.0,1.0444075435842708e-10,98.4610128,data.xlsx,0.74775,2.85,15.58745671703954
40.0,0.0,10.0,0.0,15.0,0.0,0.0,35.0,0.0,0.0,0.0,0.0,2.59,381.0,1.472312502432714e-10,95.0338656,data.xlsx,0.769,2.8,15.333585279259172
60.0,0.0,0.0,40.0,0.0,0.0,0.0,0.0,0.0,0.0,0.0,0.0,2.94,503.0,,,data.xlsx,0.48400000000000004,4.2,23.705310768698062
59.0,0.0,0.0,39.0,2.0,0.0,0.0,0.0,0.0,0.0,0.0,0.0,3.0,499.0,,,data.xlsx,0.5014,4.14,23.296310188765553
58.0,0.0,0.0,38.0,4.0,0.0,0.0,0.0,0.0,0.0,0.0,0.0,3.04,498.0,,,data.xlsx,0.5187999999999999,4.08,22.88730960883304
56.0,0.0,0.0,36.0,8.0,0.0,0.0,0.0,0.0,0.0,0.0,0.0,3.08,512.0,,,data.xlsx,0.5536,3.96,22.069308448968012
54.0,0.0,0.0,34.0,12.0,0.0,0.0,0.0,0.0,0.0,0.0,0.0,3.08,517.0,,,data.xlsx,0.5884,3.84,21.251307289102982
51.0,0.0,0.0,31.0,18.0,0.0,0.0,0.0,0.0,0.0,0.0,0.0,3.07,535.0,,,data.xlsx,0.6406000000000001,3.66,20.02430554930545
48.0,0.0,0.0,28.0,24.0,0.0,0.0,0.0,0.0,0.0,0.0,0.0,3.32,537.0,,,data.xlsx,0.6928,3.48,18.797303809507916
45.0,0.0,0.0,25.0,30.0,0.0,0.0,0.0,0.0,0.0,0.0,0.0,2.95,531.0,,,data.xlsx,0.745,3.3,17.57030206971038
42.0,0.0,0.0,22.0,36.0,0.0,0.0,0.0,0.0,0.0,0.0,0.0,2.88,509.0,,,data.xlsx,0.7972,3.12,16.34330032991284
40.0,0.0,0.0,0.0,0.0,30.0,0.0,0.0,0.0,0.0,30.0,0.0,3.03,389.0,6.21e-08,57.891,data.xlsx,0.56,4.1,19.369806094182824
40.0,0.0,0.0,10.0,0.0,30.0,0.0,0.0,0.0,0.0,20.0,0.0,3.33,432.0,2.1e-08,59.8207,data.xlsx,0.5640000000000001,3.8,18.435561302516156
40.0,0.0,0.0,20.0,0.0,30.0,0.0,0.0,0.0,0.0,10.0,0.0,3.15,446.0,7.46e-09,61.7504,data.xlsx,0.568,3.5,17.50131651084949
40.0,0.0,0.0,30.0,0.0,30.0,0.0,0.0,0.0,0.0,0.0,0.0,3.02,433.0,1.33e-07,38.594,data.xlsx,0.5720000000000001,3.2,16.567071719182824
37.8,0.0,0.0,0.0,0.0,0.0,0.0,29.8,0.0,0.0,32.3,0.0,3.06,369.0,1.32e-09,65.6098,data.xlsx,0.6420420420420421,4.130130130130131,18.777181470892927
37.5,0.0,0.0,8.8,0.0,0.0,0.0,34.6,0.0,0.0,19.3,0.0,3.35,450.0,4.05e-10,66.57464999999999,data.xlsx,0.6662075848303394,3.6357285429141717,17.144238381149002
37.6,0.0,0.0,19.3,0.0,0.0,0.0,31.7,0.0,0.0,11.4,0.0,3.21,494.0,2.2e-10,59.8207,data.xlsx,0.65814,3.4599999999999995,16.637655304119892
37.5,0.0,0.0,30.1,0.0,0.0,0.0,32.3,0.0,0.0,0.0,0.0,3.05,492.0,1.44e-09,55.9613,data.xlsx,0.6652652652652654,3.1041041041041044,15.515327230256418
50.9,0.0,0.0,0.0,0.0,0.0,49.1,0.0,0.0,0.0,0.0,0.0,3.02,495.0,1.94e-13,64.64495000000001,data.xlsx,0.48310999999999993,5.4910000000000005,26.087739059922445
43.1,0.0,0.0,0.0,0.0,0.0,56.9,0.0,0.0,0.0,0.0,0.0,3.17,585.0,2.13e-12,59.8207,data.xlsx,0.49949,5.569,24.731349287505346
39.1,0.0,0.0,0.0,0.0,0.0,60.9,0.0,0.0,0.0,0.0,0.0,3.24,505.0,4.96e-10,52.1019,data.xlsx,0.5078900000000001,5.609,24.035764788829912
30.2,0.0,0.0,0.0,0.0,0.0,69.8,0.0,0.0,0.0,0.0,0.0,3.32,431.0,9.84e-12,55.9613,data.xlsx,0.5265799999999999,5.6979999999999995,22.488089279277055
19.8,0.0,0.0,0.0,0.0,0.0,80.2,0.0,0.0,0.0,0.0,0.0,3.57,382.0,1.02e-11,61.7504,data.xlsx,0.54842,5.8020000000000005,20.679569582720923
50.0,0.0,0.0,0.0,0.0,0.0,0.0,0.0,0.0,0.0,0.0,50.0,2.9,460.0,,,data.xlsx,0.56,3.5,19.139169865380843
45.0,0.0,0.0,0.0,0.0,0.0,10.0,0.0,0.0,0.0,0.0,45.0,3.08,452.0,,,data.xlsx,0.563,3.75,18.94889551027051
40.0,0.0,0.0,0.0,0.0,0.0,20.0,0.0,0.0,0.0,0.0,40.0,3.2,448.0,,,data.xlsx,0.5660000000000001,4.0,18.758621155160178
35.0,0.0,0.0,0.0,0.0,0.0,30.0,0.0,0.0,0.0,0.0,35.0,3.34,443.0,,,data.xlsx,0.569,4.25,18.56834680004984
30.0,0.0,0.0,0.0,0.0,0.0,40.0,0.0,0.0,0.0,0.0,30.0,3.44,430.0,,,data.xlsx,0.5720000000000001,4.5,18.37807244493951
25.0,0.0,0.0,0.0,0.0,0.0,50.0,0.0,0.0,0.0,0.0,25.0,3.54,413.0,,,data.xlsx,0.575,4.75,18.187798089829176
20.0,0.0,0.0,0.0,0.0,0.0,60.0,0.0,0.0,0.0,0.0,20.0,3.65,388.0,,,data.xlsx,0.578,5.0,17.99752373471884
15.0,0.0,0.0,0.0,0.0,0.0,70.0,0.0,0.0,0.0,0.0,15.0,3.78,368.0,,,data.xlsx,0.581,5.25,17.807249379608507
70.0,0.0,0.0,0.0,0.0,0.0,20.0,0.0,0.0,0.0,0.0,10.0,2.72,,,,data.xlsx,0.45799999999999996,4.9,28.050742504629735
60.0,0.0,0.0,0.0,0.0,0.0,30.0,0.0,0.0,0.0,0.0,10.0,2.95,482.0,,,data.xlsx,0.479,5.0,26.31178125794114
50.0,0.0,0.0,0.0,0.0,0.0,40.0,0.0,0.0,0.0,0.0,10.0,3.03,538.0,,,data.xlsx,0.49999999999999994,5.1,24.572820011252546
40.0,0.0,0.0,0.0,0.0,0.0,50.0,0.0,0.0,0.0,0.0,10.0,3.11,487.0,,,data.xlsx,0.521,5.2,22.833858764563956
30.0,0.0,0.0,0.0,0.0,0.0,60.0,0.0,0.0,0.0,0.0,10.0,3.31,415.0,,,data.xlsx,0.5419999999999999,5.3,21.09489751787536
20.0,0.0,0.0,0.0,0.0,0.0,70.0,0.0,0.0,0.0,0.0,10.0,3.56,391.0,,,data.xlsx,0.563,5.4,19.355936271186767
70.0,0.0,0.0,0.0,0.0,0.0,20.0,0.0,0.0,0.0,0.0,10.0,2.72,,,,data.xlsx,0.45799999999999996,4.9,28.050742504629735
60.0,0.0,0.0,0.0,0.0,0.0,20.0,0.0,0.0,0.0,0.0,20.0,2.74,386.0,,,data.xlsx,0.49400000000000005,4.6,24.953368721473215
50.0,0.0,0.0,0.0,0.0,0.0,20.0,0.0,0.0,0.0,0.0,30.0,3.0,492.0,,,data.xlsx,0.53,4.3,21.855994938316694
40.0,0.0,0.0,0.0,0.0,0.0,20.0,0.0,0.0,0.0,0.0,40.0,3.2,448.0,,,data.xlsx,0.5660000000000001,4.0,18.758621155160178
30.0,0.0,0.0,0.0,0.0,0.0,20.0,0.0,0.0,0.0,0.0,50.0,3.72,449.0,,,data.xlsx,0.602,3.7,15.66124737200366
50.0,0.0,0.0,0.0,0.0,0.0,0.0,0.0,0.0,0.0,0.0,50.0,2.9,460.0,,,data.xlsx,0.56,3.5,19.139169865380843
50.0,0.0,0.0,0.0,0.0,0.0,10.0,0.0,0.0,0.0,0.0,40.0,2.96,440.0,,,data.xlsx,0.545,3.9,20.497582401848767
50.0,0.0,0.0,0.0,0.0,0.0,20.0,0.0,0.0,0.0,0.0,30.0,3.0,492.0,,,data.xlsx,0.53,4.3,21.855994938316694
50.0,0.0,0.0,0.0,0.0,0.0,30.0,0.0,0.0,0.0,0.0,20.0,3.02,514.0,,,data.xlsx,0.515,4.7,23.214407474784622
50.0,0.0,0.0,0.0,0.0,0.0,40.0,0.0,0.0,0.0,0.0,10.0,3.03,536.0,,,data.xlsx,0.49999999999999994,5.1,24.572820011252546
50.0,0.0,0.0,0.0,0.0,0.0,50.0,0.0,0.0,0.0,0.0,0.0,3.03,530.0,,,data.xlsx,0.485,5.5,25.931232547720473
56.8,0.0,0.0,0.0,0.0,43.2,0.0,0.0,0.0,0.0,0.0,0.0,2.35,263.0,2.39e-11,87.80135,data.xlsx,0.54416,3.272,20.41551246537396
47.2,0.0,0.0,0.0,0.0,43.6,9.2,0.0,0.0,0.0,0.0,0.0,2.53,314.0,6.2e-11,83.94195,data.xlsx,0.565,3.3479999999999994,18.684089171052033
37.8,0.0,0.0,0.0,0.0,41.4,20.8,0.0,0.0,0.0,0.0,0.0,2.75,353.0,1.9e-09,71.3989,data.xlsx,0.5810000000000001,3.552000000000001,17.390578335419587
30.3,0.0,0.0,0.0,0.0,40.7,29.0,0.0,0.0,0.0,0.0,0.0,2.96,379.0,3.6e-08,61.7504,data.xlsx,0.5955600000000001,3.662,16.194893271029674
20.0,0.0,0.0,0.0,0.0,40.0,40.0,0.0,0.0,0.0,0.0,0.0,3.25,355.0,1.76e-07,55.9613,data.xlsx,0.616,3.8,14.512299057566958
10.0,0.0,0.0,0.0,0.0,40.0,50.0,0.0,0.0,0.0,0.0,0.0,3.41,270.0,1.41e-07,53.066750000000006,data.xlsx,0.637,3.9,12.773337810878367
60.1,0.0,0.0,0.0,0.0,0.0,0.0,39.9,0.0,0.0,0.0,0.0,2.43,161.0,1.05e-12,96.485,data.xlsx,0.63536,3.404,21.193755651193182
50.9,0.0,0.0,0.0,0.0,0.0,9.3,39.8,0.0,0.0,0.0,0.0,2.62,260.0,5.07e-12,89.73105000000001,data.xlsx,0.65425,3.5010000000000003,19.610186561772714
41.5,0.0,0.0,0.0,0.0,0.0,19.0,39.5,0.0,0.0,0.0,0.0,2.8,329.0,7.59e-10,68.50435,data.xlsx,0.6727,3.61,18.024388762484556
32.2,0.0,0.0,0.0,0.0,0.0,28.4,39.4,0.0,0.0,0.0,0.0,3.04,380.0,2.28e-09,62.715250000000005,data.xlsx,0.6918000000000001,3.7079999999999997,16.423430060597205
21.58,0.0,0.0,0.0,0.0,0.0,38.4,39.8,0.0,0.0,0.0,0.0,3.24,346.0,8.67e-10,65.6098,data.xlsx,0.7160994187211865,3.789336540388855,14.505544245931398
12.0,0.0,0.0,0.0,0.0,0.0,48.2,39.8,0.0,0.0,0.0,0.0,3.4,282.0,8e-11,66.57464999999999,data.xlsx,0.7359399999999999,3.8900000000000006,12.84562731215409
60.0,0.0,0.0,0.0,0.0,35.0,0.0,0.0,5.0,0.0,0.0,0.0,2.1205,,,,data.xlsx,0.5260000000000001,3.6,21.991930509868425
59.5,0.5,0.0,0.0,0.0,35.0,0.0,0.0,5.0,0.0,0.0,0.0,2.5759,,,81.0474,data.xlsx,0.52985,3.58,21.82258103429909
59.0,1.0,0.0,0.0,0.0,35.0,0.0,0.0,5.0,0.0,0.0,0.0,2.6032,,,94.5553,data.xlsx,0.5337000000000001,3.56,21.653231558729757
58.5,1.5,0.0,0.0,0.0,35.0,0.0,0.0,5.0,0.0,0.0,0.0,2.6319,,,82.01225,data.xlsx,0.5375500000000001,3.54,21.483882083160424
58.0,2.0,0.0,0.0,0.0,35.0,0.0,0.0,5.0,0.0,0.0,0.0,2.6412,,,88.7662,data.xlsx,0.5414,3.52,21.31453260759109
57.5,2.5,0.0,0.0,0.0,35.0,0.0,0.0,5.0,0.0,0.0,0.0,2.6547,,,91.66075,data.xlsx,0.54525,3.5,21.145183132021756
47.8,0.0,0.0,0.0,41.9,0.0,0.0,0.0,10.3,0.0,0.0,0.0,2.7,485.0,2.92e-09,81.0474,data.xlsx,0.82578,3.3240000000000003,18.02858755933873
42.9,0.0,0.0,0.0,36.7,0.0,0.0,0.0,20.4,0.0,0.0,0.0,2.93,562.0,1.83e-09,79.1177,data.xlsx,0.8000400000000001,3.532,17.537516627326003
37.0,0.0,0.0,0.0,31.6,0.0,0.0,0.0,31.4,0.0,0.0,0.0,3.19,687.0,1.63e-10,82.01225,data.xlsx,0.77764,3.736,16.8105736885206
32.7,0.0,0.0,0.0,28.9,0.0,0.0,0.0,38.4,0.0,0.0,0.0,3.38,738.0,1.58e-12,95.52015,data.xlsx,0.76884,3.844,16.161968514668757
26.8,0.0,0.0,0.0,26.2,0.0,0.0,0.0,47.0,0.0,0.0,0.0,3.61,739.0,4.89e-13,98.4147,data.xlsx,0.7642,3.952,15.1546592203183
65.0,0.0,0.0,0.0,0.0,0.0,0.0,35.0,0.0,0.0,0.0,0.0,2.4,254.0,4.63e-12,82.9771,data.xlsx,0.6040000000000001,3.6,22.84333428118953
60.0,0.0,0.0,0.0,0.0,0.0,0.0,35.0,5.0,0.0,0.0,0.0,2.55,291.0,3.43e-11,76.22315,data.xlsx,0.617,3.6,21.72238390463136
55.0,0.0,0.0,0.0,0.0,0.0,0.0,35.0,10.0,0.0,0.0,0.0,2.66,340.0,1.81e-10,69.4692,data.xlsx,0.63,3.6,20.601433528073184
50.0,0.0,0.0,0.0,0.0,0.0,0.0,35.0,15.0,0.0,0.0,0.0,2.78,380.0,1.68e-09,61.7504,data.xlsx,0.643,3.6,19.480483151515013
45.0,0.0,0.0,0.0,0.0,0.0,0.0,35.0,20.0,0.0,0.0,0.0,2.94,470.0,1.08e-08,55.9613,data.xlsx,0.6560000000000001,3.6,18.359532774956843
40.0,0.0,0.0,0.0,0.0,0.0,0.0,35.0,25.0,0.0,0.0,0.0,3.1,545.0,1.14e-08,54.031600000000005,data.xlsx,0.669,3.6,17.23858239839867
35.0,0.0,0.0,0.0,0.0,0.0,0.0,35.0,30.0,0.0,0.0,0.0,3.27,587.0,1e-08,53.066750000000006,data.xlsx,0.682,3.6,16.117632021840496
30.0,0.0,0.0,0.0,0.0,0.0,0.0,35.0,35.0,0.0,0.0,0.0,3.34,620.0,3.57e-09,54.99645,data.xlsx,0.695,3.6,14.996681645282326
25.0,0.0,0.0,0.0,0.0,0.0,0.0,35.0,40.0,0.0,0.0,0.0,3.58,631.0,2.24e-09,54.99645,data.xlsx,0.7080000000000001,3.6,13.875731268724152
20.0,0.0,0.0,0.0,0.0,0.0,0.0,35.0,45.0,0.0,0.0,0.0,3.76,645.0,4.27e-10,58.85585,data.xlsx,0.7210000000000001,3.6,12.754780892165982
24.3,0.0,0.0,0.0,0.0,0.0,0.0,51.0,24.7,0.0,0.0,0.0,3.33,500.0,,,data.xlsx,0.7706200000000001,2.96,11.919460221004087
36.6,0.0,0.0,0.0,0.0,0.0,0.0,50.7,12.7,0.0,0.0,0.0,2.91,405.0,,,data.xlsx,0.7375,2.9719999999999995,14.710735734743473
29.1,0.0,0.0,0.0,0.0,0.0,0.0,55.6,15.3,0.0,0.0,0.0,3.05,423.0,,,data.xlsx,0.7756200000000001,2.7760000000000002,12.47826290893688
29.0,0.0,0.0,0.0,0.0,0.0,0.0,58.5,12.5,0.0,0.0,0.0,2.98,407.0,,,data.xlsx,0.7868999999999999,2.66,12.129713889811619
29.0,0.0,0.0,0.0,0.0,0.0,0.0,51.1,19.9,0.0,0.0,0.0,3.17,467.0,,,data.xlsx,0.75878,2.9560000000000004,12.961907712500008
29.5,0.0,0.0,0.0,0.0,0.0,0.0,40.0,30.5,0.0,0.0,0.0,3.4,518.0,,,data.xlsx,0.7153,3.4,14.322293484188409
34.6,0.0,0.0,0.0,0.0,0.0,0.0,49.9,15.5,0.0,0.0,0.0,2.99,430.0,,,data.xlsx,0.73966,3.0039999999999996,14.352322483870305
41.7,0.0,0.0,0.0,0.0,0.0,0.0,50.5,7.7,0.0,0.0,0.0,2.75,340.0,,,data.xlsx,0.7235635635635634,2.977977977977978,15.880270082602939
40.7,0.0,0.0,0.0,0.0,0.0,0.0,46.6,12.7,0.0,0.0,0.0,2.87,390.0,,,data.xlsx,0.7112599999999999,3.1359999999999997,16.09099540474042
46.3,0.0,0.0,0.0,0.0,0.0,0.0,40.7,12.9,0.0,0.0,0.0,2.83,382.0,,,data.xlsx,0.6743143143143143,3.3703703703703702,18.015774455347877
30.0,0.0,0.0,0.0,0.0,0.0,0.0,40.0,30.0,0.0,0.0,0.0,3.27,564.0,2.0892961308540368e-08,,data.xlsx,0.714,3.4,14.434388521844225
30.0,0.0,0.0,0.0,0.0,0.0,0.0,45.0,25.0,0.0,0.0,0.0,3.15,530.0,4.786300923226378e-08,,data.xlsx,0.733,3.2,13.872095398406124
30.0,0.0,0.0,0.0,0.0,0.0,0.0,50.0,20.0,0.0,0.0,0.0,3.07,493.0,6.7608297539198e-08,,data.xlsx,0.752,3.0,13.309802274968025
30.0,0.0,0.0,0.0,0.0,0.0,0.0,55.0,15.0,0.0,0.0,0.0,2.94,441.0,9.772372209558103e-08,,data.xlsx,0.7709999999999999,2.8,12.747509151529924
30.0,0.0,0.0,0.0,0.0,0.0,0.0,60.0,10.0,0.0,0.0,0.0,2.83,386.0,1.5848931924611122e-07,,data.xlsx,0.7900000000000001,2.6,12.185216028091823
55.0,0.0,10.0,0.0,0.0,0.0,0.0,35.0,0.0,0.0,0.0,0.0,2.54,413.0,5.93e-10,65.6098,data.xlsx,0.6190000000000001,3.4,20.44872613109027
50.0,0.0,10.0,0.0,0.0,0.0,0.0,35.0,5.0,0.0,0.0,0.0,2.67,439.0,6.21e-10,63.6801,data.xlsx,0.632,3.4,19.3277757545321
45.0,0.0,10.0,0.0,0.0,0.0,0.0,35.0,10.0,0.0,0.0,0.0,2.81,476.0,1.58e-09,59.8207,data.xlsx,0.6450000000000001,3.4,18.20682537797393
40.0,0.0,10.0,0.0,0.0,0.0,0.0,35.0,15.0,0.0,0.0,0.0,2.94,512.0,2.1e-09,57.891,data.xlsx,0.6579999999999999,3.4,17.085875001415758
35.0,0.0,10.0,0.0,0.0,0.0,0.0,35.0,20.0,0.0,0.0,0.0,3.09,555.0,3.44e-09,56.92615,data.xlsx,0.671,3.4,15.964924624857586
30.0,0.0,10.0,0.0,0.0,0.0,0.0,35.0,25.0,0.0,0.0,0.0,3.23,573.0,2.3e-09,56.92615,data.xlsx,0.684,3.4,14.843974248299414
25.0,0.0,10.0,0.0,0.0,0.0,0.0,35.0,30.0,0.0,0.0,0.0,3.38,578.0,1.34e-09,57.891,data.xlsx,0.6970000000000001,3.4,13.723023871741242
20.0,0.0,10.0,0.0,0.0,0.0,0.0,35.0,35.0,0.0,0.0,0.0,3.53,,,,data.xlsx,0.71,3.4,12.60207349518307
55.0,0.0,0.0,0.0,0.0,0.0,0.0,35.0,0.0,0.0,0.0,10.0,2.56,272.0,1.88e-12,82.01225,data.xlsx,0.64,3.3,19.74596049803301
50.0,0.0,0.0,0.0,0.0,0.0,0.0,35.0,5.0,0.0,0.0,10.0,2.7,315.0,2.36e-11,75.2583,data.xlsx,0.6530000000000001,3.3,18.625010121474837
45.0,0.0,0.0,0.0,0.0,0.0,0.0,35.0,10.0,0.0,0.0,10.0,2.85,352.0,1.21e-10,68.50435,data.xlsx,0.666,3.3,17.504059744916667
40.0,0.0,0.0,0.0,0.0,0.0,0.0,35.0,15.0,0.0,0.0,10.0,3.01,430.0,1.04e-09,61.7504,data.xlsx,0.679,3.3,16.383109368358493
35.0,0.0,0.0,0.0,0.0,0.0,0.0,35.0,20.0,0.0,0.0,10.0,3.17,504.0,2.13e-09,58.85585,data.xlsx,0.6920000000000001,3.3,15.262158991800323
30.0,0.0,0.0,0.0,0.0,0.0,0.0,35.0,25.0,0.0,0.0,10.0,3.35,541.0,2.64e-09,56.92615,data.xlsx,0.705,3.3,14.141208615242151
25.0,0.0,0.0,0.0,0.0,0.0,0.0,35.0,30.0,0.0,0.0,10.0,3.52,567.0,9.86e-10,58.85585,data.xlsx,0.7180000000000001,3.3,13.020258238683978
20.0,0.0,0.0,0.0,0.0,0.0,0.0,35.0,35.0,0.0,0.0,10.0,3.71,566.0,4.14e-10,60.78555,data.xlsx,0.7310000000000001,3.3,11.899307862125806
15.0,0.0,0.0,0.0,0.0,0.0,0.0,35.0,40.0,0.0,0.0,10.0,3.93,,2.34e-11,67.53949999999999,data.xlsx,0.7440000000000001,3.3,10.778357485567636
58.6,0.0,0.0,0.0,0.0,0.0,0.0,0.0,0.0,41.4,0.0,0.0,2.76,551.0,2.95e-08,46.99,data.xlsx,0.44624,5.0,27.38962415786054
50.4,0.0,0.0,0.0,0.0,0.0,0.0,0.0,0.0,49.6,0.0,0.0,2.79,475.0,6.38e-08,46.24,data.xlsx,0.45936000000000005,5.0,25.95632464310006
41.6,0.0,0.0,0.0,0.0,0.0,0.0,0.0,0.0,58.4,0.0,0.0,2.81,351.0,9.37e-07,41.95,data.xlsx,0.47344,5.0,24.418149554088817
31.6,0.0,0.0,0.0,0.0,0.0,0.0,0.0,0.0,68.4,0.0,0.0,2.85,290.0,3.68e-05,39.69,data.xlsx,0.4894400000000001,5.0,22.67022331657604
22.0,0.0,0.0,0.0,0.0,0.0,0.0,0.0,0.0,78.0,0.0,0.0,2.88,254.0,2.63e-05,36.35,data.xlsx,0.5048,5.0,20.992214128563774
10.8,0.0,0.0,0.0,0.0,0.0,0.0,0.0,0.0,89.2,0.0,0.0,2.93,234.0,0.000103,33.32,data.xlsx,0.5227200000000001,5.0,19.034536742549463
50.0,0.0,0.0,0.0,0.0,0.0,0.0,0.0,0.0,50.0,0.0,0.0,2.85,460.0,,54.031600000000005,data.xlsx,0.46,5.0,25.88640759359955
40.0,0.0,0.0,0.0,0.0,0.0,0.0,0.0,0.0,60.0,0.0,0.0,2.88,373.0,,54.031600000000005,data.xlsx,0.4760000000000001,5.0,24.13848135608677
30.0,0.0,0.0,0.0,0.0,0.0,0.0,0.0,0.0,70.0,0.0,0.0,2.91,306.0,,49.20735,data.xlsx,0.49200000000000005,5.0,22.390555118573992
20.0,0.0,0.0,0.0,0.0,0.0,0.0,0.0,0.0,80.0,0.0,0.0,2.94,261.0,,43.41825,data.xlsx,0.508,5.0,20.642628881061217
15.0,0.0,0.0,0.0,0.0,0.0,0.0,0.0,0.0,85.0,0.0,0.0,2.97,252.0,,39.55885,data.xlsx,0.5160000000000001,5.0,19.768665762304828
10.0,0.0,0.0,0.0,0.0,0.0,0.0,0.0,0.0,90.0,0.0,0.0,3.01,246.0,,35.69945,data.xlsx,0.524,5.0,18.894702643548438
49.7,0.0,0.0,0.0,0.0,0.0,0.0,0.0,0.0,50.3,0.0,0.0,2.82,448.0,,32.8049,data.xlsx,0.46048,5.0,25.83396980647417
41.2,0.0,0.0,0.0,0.0,0.0,0.0,0.0,0.0,58.9,0.0,0.0,2.85,352.0,,,data.xlsx,0.4741458541458542,5.0,24.341038242751594
47.63,0.0,0.0,0.0,0.0,0.0,0.0,0.0,0.0,52.37,0.0,0.0,2.778,468.0,,33.769749999999995,data.xlsx,0.46379200000000004,5.0,25.47214907530902
38.9,0.0,0.0,9.7,0.0,0.0,0.0,0.0,0.0,51.4,0.0,0.0,2.84,369.0,1.45e-07,44.85,data.xlsx,0.48745999999999995,4.806,22.993421377324907
42.3,0.0,0.0,18.4,0.0,0.0,0.0,0.0,0.0,39.3,0.0,0.0,2.87,382.0,1.12e-08,49.08,data.xlsx,0.49072000000000005,4.632,22.73315378200415
44.2,0.0,0.0,27.0,0.0,0.0,0.0,0.0,0.0,28.8,0.0,0.0,2.89,420.0,6.59e-10,55.09,data.xlsx,0.49628000000000005,4.46,22.22051980871251
37.9,0.0,0.0,40.4,0.0,0.0,0.0,0.0,0.0,21.7,0.0,0.0,3.05,474.0,1.17e-08,52.64,data.xlsx,0.51976,4.192,19.803103553170683
39.5,0.0,0.0,47.5,0.0,0.0,0.0,0.0,0.0,13.0,0.0,0.0,3.35,575.0,8.1e-06,29.54,data.xlsx,0.5243000000000001,4.05,19.385370157594192
10.0,0.0,0.0,0.0,0.0,0.0,0.0,0.0,0.0,90.0,0.0,0.0,3.01,246.0,,32.8049,data.xlsx,0.524,5.0,18.894702643548438
10.0,0.0,0.0,5.0,0.0,0.0,0.0,0.0,0.0,85.0,0.0,0.0,3.04,269.0,,37.62915,data.xlsx,0.529,4.9,18.403574760746654
10.0,0.0,0.0,10.0,0.0,0.0,0.0,0.0,0.0,80.0,0.0,0.0,3.01,300.0,,38.594,data.xlsx,0.534,4.8,17.912446877944873
18.0,0.0,0.0,10.0,0.0,0.0,0.0,0.0,0.0,72.0,0.0,0.0,3.03,307.0,,41.48855,data.xlsx,0.5212,4.8,19.310787867955096
20.0,0.0,0.0,10.0,0.0,0.0,0.0,0.0,0.0,70.0,0.0,0.0,3.02,315.0,,43.41825,data.xlsx,0.518,4.8,19.660373115457652
30.0,0.0,0.0,10.0,0.0,0.0,0.0,0.0,0.0,60.0,0.0,0.0,2.98,343.0,,51.13705,data.xlsx,0.502,4.8,21.40829935297043
35.0,0.0,0.0,12.5,0.0,0.0,0.0,0.0,0.0,52.5,0.0,0.0,2.99,377.0,,52.1019,data.xlsx,0.49650000000000005,4.75,22.036698530325925
10.0,0.0,0.0,15.0,0.0,0.0,0.0,0.0,0.0,75.0,0.0,0.0,3.16,335.0,,39.55885,data.xlsx,0.539,4.7,17.421318995143093
15.0,0.0,0.0,15.0,0.0,0.0,0.0,0.0,0.0,70.0,0.0,0.0,3.08,329.0,,43.41825,data.xlsx,0.5310000000000001,4.7,18.29528211389948
10.0,0.0,0.0,20.0,0.0,0.0,0.0,0.0,0.0,70.0,0.0,0.0,3.23,360.0,,35.69945,data.xlsx,0.544,4.6,16.93019111234131
16.0,0.0,0.0,20.0,0.0,0.0,0.0,0.0,0.0,64.0,0.0,0.0,3.17,368.0,,40.5237,data.xlsx,0.5344000000000001,4.6,17.978946854848974
20.0,0.0,0.0,20.0,0.0,0.0,0.0,0.0,0.0,60.0,0.0,0.0,3.14,370.0,,44.3831,data.xlsx,0.528,4.6,18.678117349854084
30.0,0.0,0.0,20.0,0.0,0.0,0.0,0.0,0.0,50.0,0.0,0.0,3.09,381.0,,51.13705,data.xlsx,0.512,4.6,20.426043587366863
15.0,0.0,0.0,25.0,0.0,0.0,0.0,0.0,0.0,60.0,0.0,0.0,3.27,384.0,,38.594,data.xlsx,0.541,4.5,17.313026348295914
30.0,0.0,0.0,25.0,0.0,0.0,0.0,0.0,0.0,45.0,0.0,0.0,3.14,441.0,,50.1722,data.xlsx,0.517,4.5,19.934915704565082
20.0,0.0,0.0,30.0,0.0,0.0,0.0,0.0,0.0,50.0,0.0,0.0,3.32,415.0,,37.62915,data.xlsx,0.5379999999999999,4.4,17.69586158425052
25.0,0.0,0.0,37.5,0.0,0.0,0.0,0.0,0.0,37.5,0.0,0.0,3.36,441.0,,41.48855,data.xlsx,0.5375,4.25,17.833132878804236
30.0,0.0,0.0,40.0,0.0,0.0,0.0,0.0,0.0,30.0,0.0,0.0,3.44,454.0,,44.3831,data.xlsx,0.532,4.2,18.46153205615973
60.0,0.0,0.0,40.0,0.0,0.0,0.0,0.0,0.0,0.0,0.0,0.0,3.01,487.0,,67.53949999999999,data.xlsx,0.48400000000000004,4.2,23.705310768698062
47.63,0.0,0.0,0.0,0.0,0.0,0.0,0.0,0.0,52.37,0.0,0.0,2.778,468.0,,33.769749999999995,data.xlsx,0.46379200000000004,5.0,25.47214907530902
46.66,0.0,0.0,5.49,0.0,0.0,0.0,0.0,0.0,47.86,0.0,0.0,2.798,,,37.62915,data.xlsx,0.4708409159084092,4.89021097890211,24.76258023457107
44.68,0.0,0.0,11.13,0.0,0.0,0.0,0.0,0.0,44.19,0.0,0.0,2.83,487.0,,44.3831,data.xlsx,0.47964200000000007,4.7774,23.86326016812598
46.56,0.0,0.0,23.36,0.0,0.0,0.0,0.0,0.0,30.08,0.0,0.0,2.848,506.0,,46.3128,data.xlsx,0.488864,4.5328,22.990571499445224
47.3,0.0,0.0,26.19,0.0,0.0,0.0,0.0,0.0,26.51,0.0,0.0,2.929,511.0,,51.13705,data.xlsx,0.4905100000000001,4.4762,22.84193965935536
46.26,0.0,0.0,32.31,0.0,0.0,0.0,0.0,0.0,21.43,0.0,0.0,2.93,508.0,,52.1019,data.xlsx,0.49829400000000007,4.3538,22.05901480210465
47.01,0.0,0.0,41.67,0.0,0.0,0.0,0.0,0.0,11.32,0.0,0.0,3.024,494.0,,52.1019,data.xlsx,0.5064540000000001,4.1666,21.27071787331317
47.0,0.0,0.0,47.41,0.0,0.0,0.0,0.0,0.0,5.6,0.0,0.0,3.133,494.0,,50.1722,data.xlsx,0.5122127787221278,4.051894810518949,20.704799335326282
47.36,0.0,0.0,52.64,0.0,0.0,0.0,0.0,0.0,0.0,0.0,0.0,3.235,492.0,,46.3128,data.xlsx,0.516864,3.9472000000000005,20.254360716759003
40.8,0.0,0.0,0.0,0.0,0.0,10.6,0.0,0.0,48.6,0.0,0.0,2.87,395.0,2.07e-07,44.36,data.xlsx,0.48002,5.106,24.28781834536143
39.4,0.0,0.0,0.0,0.0,0.0,21.2,0.0,0.0,39.4,0.0,0.0,2.9,409.0,1.83e-07,44.0,data.xlsx,0.48756,5.212000000000001,24.052611562383277
39.4,0.0,0.0,0.0,0.0,0.0,31.4,0.0,0.0,29.2,0.0,0.0,2.95,442.0,5.14e-08,46.18,data.xlsx,0.49266,5.314,24.061755853023946
40.1,0.0,0.0,0.0,0.0,0.0,40.3,0.0,0.0,19.6,0.0,0.0,2.98,474.0,1.12e-08,48.11,data.xlsx,0.49599000000000004,5.403,24.19208953148336
37.9,0.0,0.0,0.0,0.0,0.0,52.2,0.0,0.0,9.9,0.0,0.0,3.04,500.0,1.95e-09,49.19,data.xlsx,0.50546,5.522,23.818214098311334
39.6,0.0,0.0,0.0,0.0,0.0,60.4,0.0,0.0,0.0,0.0,0.0,3.09,525.0,6.41e-11,52.37,data.xlsx,0.50684,5.604,24.122712851164334
55.0,0.0,0.0,0.0,0.0,0.0,0.0,35.0,0.0,10.0,0.0,0.0,2.63,352.0,7.7e-11,71.3989,data.xlsx,0.62,3.6,21.095408043676752
50.0,0.0,0.0,0.0,0.0,0.0,0.0,35.0,5.0,10.0,0.0,0.0,2.75,384.0,2e-10,67.53949999999999,data.xlsx,0.633,3.6,19.97445766711858
45.0,0.0,0.0,0.0,0.0,0.0,0.0,35.0,10.0,10.0,0.0,0.0,2.92,404.0,2.37e-10,65.6098,data.xlsx,0.6460000000000001,3.6,18.853507290560408
40.0,0.0,0.0,0.0,0.0,0.0,0.0,35.0,15.0,10.0,0.0,0.0,3.04,425.0,2.77e-10,64.64495000000001,data.xlsx,0.659,3.6,17.732556914002235
35.0,0.0,0.0,0.0,0.0,0.0,0.0,35.0,20.0,10.0,0.0,0.0,3.19,452.0,3.29e-10,62.715250000000005,data.xlsx,0.672,3.6,16.611606537444064
30.0,0.0,0.0,0.0,0.0,0.0,0.0,35.0,25.0,10.0,0.0,0.0,3.32,455.0,2.21e-10,62.715250000000005,data.xlsx,0.685,3.6,15.490656160885893
25.0,0.0,0.0,0.0,0.0,0.0,0.0,35.0,30.0,10.0,0.0,0.0,3.45,465.0,1.99e-10,62.715250000000005,data.xlsx,0.6980000000000001,3.6,14.369705784327719
20.0,0.0,0.0,0.0,0.0,0.0,0.0,35.0,35.0,10.0,0.0,0.0,3.59,503.0,1.34e-10,62.715250000000005,data.xlsx,0.7110000000000001,3.6,13.248755407769547
15.0,0.0,0.0,0.0,0.0,0.0,0.0,35.0,40.0,10.0,0.0,0.0,3.78,,1.03e-10,62.715250000000005,data.xlsx,0.7240000000000001,3.6,12.127805031211375
40.0,0.0,0.0,0.0,0.0,0.0,0.0,35.0,0.0,25.0,0.0,0.0,2.97,371.0,1.44e-08,45.34795,data.xlsx,0.644,3.6,18.473518687407584
35.0,0.0,0.0,0.0,0.0,0.0,0.0,35.0,5.0,25.0,0.0,0.0,3.0,348.0,1.26e-09,54.99645,data.xlsx,0.657,3.6,17.352568310849414
30.0,0.0,0.0,0.0,0.0,0.0,0.0,35.0,10.0,25.0,0.0,0.0,3.1,340.0,6.43e-11,65.6098,data.xlsx,0.67,3.6,16.23161793429124
25.0,0.0,0.0,0.0,0.0,0.0,0.0,35.0,15.0,25.0,0.0,0.0,3.16,334.0,2.61e-11,70.43405,data.xlsx,0.6830000000000002,3.6,15.110667557733068
20.0,0.0,0.0,0.0,0.0,0.0,0.0,35.0,20.0,25.0,0.0,0.0,3.23,338.0,2.37e-11,71.3989,data.xlsx,0.6960000000000001,3.6,13.989717181174896
15.0,0.0,0.0,0.0,0.0,0.0,0.0,35.0,25.0,25.0,0.0,0.0,3.38,355.0,3.81e-11,71.3989,data.xlsx,0.7090000000000001,3.6,12.868766804616726
10.0,0.0,0.0,0.0,0.0,0.0,0.0,35.0,30.0,25.0,0.0,0.0,3.5,230.0,1.69e-11,75.2583,data.xlsx,0.722,3.6,11.747816428058554
5.0,0.0,0.0,0.0,0.0,0.0,0.0,35.0,35.0,25.0,0.0,0.0,3.61,201.0,1.72e-11,74.29345,data.xlsx,0.735,3.6,10.626866051500382
42.0,0.0,0.0,0.0,0.0,0.0,0.0,0.0,0.0,47.2,10.8,0.0,3.0,384.0,7.65e-07,41.67,data.xlsx,0.4792800000000001,5.1080000000000005,24.43621475173748
41.5,0.0,0.0,0.0,0.0,0.0,0.0,0.0,0.0,37.7,20.8,0.0,3.26,444.0,4.23e-07,42.14,data.xlsx,0.48608000000000007,5.207999999999999,24.300807465924937
40.9,0.0,0.0,0.0,0.0,0.0,0.0,0.0,0.0,28.4,30.7,0.0,3.63,527.0,1.81e-07,43.02,data.xlsx,0.49298000000000003,5.307,24.148401027476638
42.2,0.0,0.0,0.0,0.0,0.0,0.0,0.0,0.0,17.5,40.3,0.0,3.86,613.0,2.6e-08,43.96,data.xlsx,0.49666,5.403,24.329540903373882
38.7,0.0,0.0,0.0,0.0,0.0,0.0,0.0,0.0,8.9,52.4,0.0,4.26,713.0,1.43e-09,47.18,data.xlsx,0.50952,5.524,23.65967344178076
33.1,0.0,0.0,0.0,0.0,0.0,0.0,0.0,0.0,0.0,66.9,0.0,4.7,795.0,1.32e-06,37.16,data.xlsx,0.52718,5.6690000000000005,22.611218836565104
40.0,0.0,0.0,0.0,0.0,0.0,0.0,0.0,0.0,50.0,10.0,0.0,3.088,473.2,,,data.xlsx,0.48200000000000004,5.1,24.09047038214987
30.0,0.0,0.0,0.0,0.0,0.0,0.0,0.0,0.0,40.0,30.0,0.0,3.616,412.5,,,data.xlsx,0.51,5.3,22.246522196763298
30.0,0.0,0.0,0.0,0.0,0.0,0.0,0.0,0.0,50.0,20.0,0.0,3.4,350.8,,,data.xlsx,0.504,5.2,22.2945331707002
30.0,0.0,0.0,0.0,0.0,0.0,0.0,0.0,0.0,60.0,10.0,0.0,3.092,318.2,,,data.xlsx,0.49800000000000005,5.1,22.342544144637095
30.0,0.0,0.0,0.0,0.0,0.0,0.0,0.0,0.0,70.0,0.0,0.0,2.891,286.6,,,data.xlsx,0.49200000000000005,5.0,22.390555118573992
20.0,0.0,0.0,0.0,0.0,0.0,0.0,0.0,0.0,70.0,10.0,0.0,3.163,267.2,,,data.xlsx,0.514,5.1,20.594617907124317
10.0,0.0,0.0,0.0,0.0,0.0,0.0,12.8,0.0,77.2,0.0,0.0,3.19,237.0,,34.7346,data.xlsx,0.5854400000000001,4.488,16.82294486757434
15.0,0.0,0.0,0.0,0.0,0.0,0.0,12.1,0.0,72.9,0.0,0.0,2.95,245.0,,35.69945,data.xlsx,0.57408,4.516,17.81020723970431
20.0,0.0,0.0,0.0,0.0,0.0,0.0,11.4,0.0,68.6,0.0,0.0,2.92,256.0,,36.6643,data.xlsx,0.56272,4.544,18.79746961183428
10.0,0.0,0.0,0.0,0.0,0.0,0.0,15.0,0.0,75.0,0.0,0.0,3.02,233.0,,35.69945,data.xlsx,0.596,4.4,16.466861499828788
15.0,0.0,0.0,0.0,0.0,0.0,0.0,14.2,0.0,70.8,0.0,0.0,2.99,240.0,,36.6643,data.xlsx,0.58416,4.4319999999999995,17.470309479583555
20.0,0.0,0.0,0.0,0.0,0.0,0.0,13.3,0.0,66.7,0.0,0.0,2.96,260.0,,38.594,data.xlsx,0.57184,4.468,18.489943066963125
15.0,0.0,0.0,0.0,0.0,0.0,0.0,17.0,0.0,68.0,0.0,0.0,2.98,266.0,,36.6643,data.xlsx,0.5976,4.32,17.017112466089223
20.0,0.0,0.0,0.0,0.0,0.0,0.0,16.0,0.0,64.0,0.0,0.0,2.95,277.0,,38.594,data.xlsx,0.5848,4.36,18.052931661093588
15.0,0.0,0.0,0.0,0.0,0.0,0.0,21.2,0.0,63.8,0.0,0.0,2.97,268.0,,40.5237,data.xlsx,0.61776,4.152,16.33731694584772
20.0,0.0,0.0,0.0,0.0,0.0,0.0,20.0,0.0,60.0,0.0,0.0,2.95,274.0,,38.594,data.xlsx,0.6040000000000001,4.2,17.405507356101683
50.2,0.0,0.0,0.0,0.0,0.0,0.0,0.0,0.0,0.0,49.8,0.0,4.02,680.0,8.53e-08,41.48855,data.xlsx,0.48955999999999994,5.497999999999999,25.682271468144044
38.7,0.0,0.0,0.0,0.0,0.0,0.0,0.0,0.0,0.0,61.3,0.0,4.55,662.0,1.66e-06,36.6643,data.xlsx,0.51486,5.6129999999999995,23.61694367497692
33.6,0.0,0.0,0.0,0.0,0.0,0.0,0.0,0.0,0.0,66.4,0.0,4.75,760.0,2.4e-05,31.84005,data.xlsx,0.52608,5.664000000000001,22.70101569713758
29.3,0.0,0.0,0.0,0.0,0.0,0.0,0.0,0.0,0.0,70.7,0.0,5.0,721.0,7.74e-07,39.55885,data.xlsx,0.53554,5.707000000000001,21.92876269621422
18.7,0.0,0.0,0.0,0.0,0.0,0.0,0.0,0.0,0.0,81.3,0.0,5.68,735.0,8.04e-10,55.9613,data.xlsx,0.5588599999999999,5.813,20.02506925207756
56.8,0.0,0.0,0.0,0.0,43.2,0.0,0.0,0.0,0.0,0.0,0.0,2.35,263.0,2.39e-11,87.80135,data.xlsx,0.54416,3.272,20.41551246537396
50.1,0.0,0.0,0.0,0.0,41.7,0.0,0.0,0.0,0.0,8.1,0.0,2.75,323.0,1.19e-10,82.01225,data.xlsx,0.5564564564564565,3.411411411411411,19.439037375325466
42.0,0.0,0.0,0.0,0.0,41.6,0.0,0.0,0.0,0.0,16.3,0.0,3.25,387.0,4.7e-09,69.4692,data.xlsx,0.5741341341341343,3.4974974974974975,17.9978223837873
30.0,0.0,0.0,0.0,0.0,40.0,0.0,0.0,0.0,0.0,30.0,0.0,3.75,426.0,1.37e-07,57.891,data.xlsx,0.598,3.7,16.0803324099723
20.0,0.0,0.0,0.0,0.0,40.0,0.0,0.0,0.0,0.0,40.0,0.0,4.4,450.0,1.38e-06,50.1722,data.xlsx,0.62,3.8,14.284395198522622
10.0,0.0,0.0,0.0,0.0,40.0,0.0,0.0,0.0,0.0,50.0,0.0,4.99,393.0,1.88e-06,50.1722,data.xlsx,0.6419999999999999,3.9,12.488457987072945
60.1,0.0,0.0,0.0,0.0,0.0,0.0,39.9,0.0,0.0,0.0,0.0,2.43,161.0,1.05e-12,96.485,data.xlsx,0.63536,3.404,21.193755651193182
48.8,0.0,0.0,0.0,0.0,0.0,0.0,39.3,0.0,0.0,11.9,0.0,2.84,221.0,7.32e-12,88.7662,data.xlsx,0.6577,3.5470000000000006,19.258579589567617
38.6,0.0,0.0,0.0,0.0,0.0,0.0,39.2,0.0,0.0,22.2,0.0,3.21,290.0,1.63e-09,67.53949999999999,data.xlsx,0.6797199999999999,3.6539999999999995,17.442429131774375
28.5,0.0,0.0,0.0,0.0,0.0,0.0,38.4,0.0,0.0,33.11,0.0,3.78,417.0,5.08e-09,61.7504,data.xlsx,0.6985701429857014,3.7952204779522045,15.75426777118318
18.6,0.0,0.0,0.0,0.0,0.0,0.0,39.1,0.0,0.0,42.3,0.0,4.23,457.0,1.67e-08,56.92615,data.xlsx,0.7232999999999999,3.859,13.866260206760453
8.9,0.0,0.0,0.0,0.0,0.0,0.0,39.3,0.0,0.0,51.8,0.0,4.81,389.0,6.4e-09,59.8207,data.xlsx,0.74548,3.9459999999999997,12.092790115883409
40.0,30.0,0.0,0.0,0.0,0.0,0.0,0.0,0.0,0.0,0.0,30.0,4.4,513.0,2.97e-09,66.3,data.xlsx,0.7190000000000001,2.9,15.172948897533884
40.0,25.0,0.0,0.0,0.0,0.0,10.0,0.0,0.0,0.0,0.0,25.0,4.15,543.0,3.74e-10,69.0,data.xlsx,0.6835,3.35,16.676169298116882
40.0,20.0,0.0,0.0,0.0,0.0,20.0,0.0,0.0,0.0,0.0,20.0,3.94,593.0,6.19e-11,73.0,data.xlsx,0.648,3.8,18.179389698699882
40.0,15.0,0.0,0.0,0.0,0.0,30.0,0.0,0.0,0.0,0.0,15.0,3.72,649.0,8.85e-12,74.7,data.xlsx,0.6125,4.25,19.682610099282883
40.0,10.0,0.0,0.0,0.0,0.0,40.0,0.0,0.0,0.0,0.0,10.0,3.53,686.0,6.12e-13,81.2,data.xlsx,0.577,4.7,21.18583049986588
40.0,5.0,0.0,0.0,0.0,0.0,50.0,0.0,0.0,0.0,0.0,5.0,3.33,714.0,5.62e-14,85.9,data.xlsx,0.5415000000000001,5.15,22.689050900448883
40.0,0.0,0.0,0.0,0.0,30.0,0.0,0.0,0.0,0.0,0.0,30.0,2.91,579.0,1.94e-13,105.7,data.xlsx,0.602,2.9,15.4654963790623
40.0,0.0,0.0,0.0,0.0,25.0,10.0,0.0,0.0,0.0,0.0,25.0,2.99,607.0,6.93e-13,96.9,data.xlsx,0.586,3.35,16.919958866057232
40.0,0.0,0.0,0.0,0.0,20.0,20.0,0.0,0.0,0.0,0.0,20.0,3.1,637.0,1.58e-12,90.7,data.xlsx,0.57,3.8,18.374421353052163
40.0,0.0,0.0,0.0,0.0,15.0,30.0,0.0,0.0,0.0,0.0,15.0,3.13,658.0,1.27e-12,88.1,data.xlsx,0.5539999999999999,4.25,19.82888384004709
40.0,0.0,0.0,0.0,0.0,10.0,40.0,0.0,0.0,0.0,0.0,10.0,3.16,681.0,9.7e-13,85.4,data.xlsx,0.5379999999999999,4.7,21.28334632704202
40.0,0.0,0.0,0.0,0.0,5.0,50.0,0.0,0.0,0.0,0.0,5.0,3.2,701.0,1.75e-13,87.9,data.xlsx,0.522,5.15,22.737808814036953
40.0,0.0,0.0,0.0,0.0,0.0,60.0,0.0,0.0,0.0,0.0,0.0,3.15,751.0,2.75e-11,54.3,data.xlsx,0.5059999999999999,5.6,24.19227130103188
40.0,0.0,0.0,0.0,0.0,0.0,0.0,30.0,0.0,0.0,0.0,30.0,2.93,576.0,7.88e-13,88.8,data.xlsx,0.68,2.9,15.234456431716245
40.0,0.0,0.0,0.0,0.0,0.0,10.0,25.0,0.0,0.0,0.0,25.0,3.01,611.0,1.42e-12,85.1,data.xlsx,0.6509999999999999,3.35,16.727425576602183
40.0,0.0,0.0,0.0,0.0,0.0,20.0,20.0,0.0,0.0,0.0,20.0,3.06,645.0,1.61e-12,82.9,data.xlsx,0.622,3.8,18.220394721488123
40.0,0.0,0.0,0.0,0.0,0.0,30.0,15.0,0.0,0.0,0.0,15.0,3.08,671.0,1.19e-12,82.1,data.xlsx,0.5930000000000001,4.25,19.71336386637406
40.0,0.0,0.0,0.0,0.0,0.0,40.0,10.0,0.0,0.0,0.0,10.0,3.1,712.0,5.61e-13,83.1,data.xlsx,0.564,4.7,21.20633301126
40.0,0.0,0.0,0.0,0.0,0.0,50.0,5.0,0.0,0.0,0.0,5.0,3.13,731.0,2.37e-13,79.6,data.xlsx,0.535,5.15,22.699302156145947
40.0,30.0,0.0,0.0,0.0,0.0,0.0,0.0,0.0,0.0,0.0,30.0,4.4,513.0,2.97e-09,66.3,data.xlsx,0.7190000000000001,2.9,15.172948897533884
40.0,25.0,0.0,0.0,0.0,0.0,0.0,0.0,0.0,0.0,10.0,25.0,4.41,557.0,6.95e-10,67.1,data.xlsx,0.6844999999999999,3.35,16.6191933333558
40.0,20.0,0.0,0.0,0.0,0.0,0.0,0.0,0.0,0.0,20.0,20.0,4.45,600.0,1.16e-10,71.8,data.xlsx,0.65,3.8,18.065437769177716
40.0,15.0,0.0,0.0,0.0,0.0,0.0,0.0,0.0,0.0,30.0,15.0,4.42,651.0,1.35e-11,75.6,data.xlsx,0.6155,4.25,19.51168220499963
40.0,10.0,0.0,0.0,0.0,0.0,0.0,0.0,0.0,0.0,40.0,10.0,4.45,729.0,2.61e-11,60.9,data.xlsx,0.581,4.7,20.957926640821544
40.0,5.0,0.0,0.0,0.0,0.0,0.0,0.0,0.0,0.0,50.0,5.0,4.44,800.0,5.62e-09,47.4,data.xlsx,0.5465000000000001,5.15,22.40417107664346
40.0,0.0,0.0,0.0,0.0,30.0,0.0,0.0,0.0,0.0,0.0,30.0,2.91,579.0,1.94e-13,105.7,data.xlsx,0.602,2.9,15.4654963790623
40.0,0.0,0.0,0.0,0.0,25.0,0.0,0.0,0.0,0.0,10.0,25.0,3.04,609.0,6.73e-14,103.7,data.xlsx,0.5870000000000001,3.35,16.86298290129615
40.0,0.0,0.0,0.0,0.0,20.0,0.0,0.0,0.0,0.0,20.0,20.0,3.2,614.0,9.34e-15,104.2,data.xlsx,0.5720000000000001,3.8,18.260469423529994
40.0,0.0,0.0,0.0,0.0,15.0,0.0,0.0,0.0,0.0,30.0,15.0,3.37,642.0,1.99e-13,72.1,data.xlsx,0.557,4.25,19.657955945763838
40.0,0.0,0.0,0.0,0.0,10.0,0.0,0.0,0.0,0.0,40.0,10.0,3.69,716.0,1.3e-10,56.1,data.xlsx,0.5419999999999999,4.7,21.055442467997683
40.0,0.0,0.0,0.0,0.0,5.0,0.0,0.0,0.0,0.0,50.0,5.0,3.94,741.0,1e-08,47.0,data.xlsx,0.527,5.15,22.45292899023153
40.0,0.0,0.0,0.0,0.0,0.0,0.0,0.0,0.0,0.0,60.0,0.0,4.41,793.0,4.26e-06,35.6,data.xlsx,0.512,5.6,23.850415512465375
40.0,0.0,0.0,0.0,0.0,0.0,0.0,30.0,0.0,0.0,0.0,30.0,2.93,576.0,7.88e-13,88.8,data.xlsx,0.68,2.9,15.234456431716245
40.0,0.0,0.0,0.0,0.0,0.0,0.0,25.0,0.0,0.0,10.0,25.0,3.26,615.0,1.44e-12,85.2,data.xlsx,0.652,3.35,16.6704496118411
40.0,0.0,0.0,0.0,0.0,0.0,0.0,20.0,0.0,0.0,20.0,20.0,3.54,651.0,1.53e-12,83.8,data.xlsx,0.6239999999999999,3.8,18.106442791965957
40.0,0.0,0.0,0.0,0.0,0.0,0.0,15.0,0.0,0.0,30.0,15.0,3.79,689.0,5.84e-13,84.3,data.xlsx,0.596,4.25,19.54243597209081
40.0,0.0,0.0,0.0,0.0,0.0,0.0,10.0,0.0,0.0,40.0,10.0,4.04,749.0,1.79e-11,60.5,data.xlsx,0.568,4.7,20.978429152215668
40.0,0.0,0.0,0.0,0.0,0.0,0.0,5.0,0.0,0.0,50.0,5.0,4.24,774.0,1.29e-08,46.9,data.xlsx,0.54,5.15,22.414422332340518
