P,Ag,Al,Fe,K,Li,Mo,Na,Nb,V,W,Zn,Density,Tg,conductivity @30°C,EDC / kJ mol-1,source_file
40.0,0.0,20.0,0.0,5.0,0.0,0.0,35.0,0.0,0.0,0.0,0.0,2.63,413.0,4.1077121255338613e-10,84.86145205,data.xlsx
40.0,0.0,17.5,0.0,7.5,0.0,0.0,35.0,0.0,0.0,0.0,0.0,2.62,409.0,2.8521344870234806e-10,88.95048635,data.xlsx
40.0,0.0,15.0,0.0,10.0,0.0,0.0,35.0,0.0,0.0,0.0,0.0,2.61,404.0,1.743532310611209e-10,92.9652272,data.xlsx
40.0,0.0,12.5,0.0,12.5,0.0,0.0,35.0,0.0,0.0,0.0,0.0,2.6,395.0,1.0444075435842709e-10,98.4610128,data.xlsx
40.0,0.0,10.0,0.0,15.0,0.0,0.0,35.0,0.0,0.0,0.0,0.0,2.59,381.0,1.472312502432714e-10,95.0338656,data.xlsx
60.0,0.0,0.0,40.0,0.0,0.0,0.0,0.0,0.0,0.0,0.0,0.0,2.94,503.0,,,data.xlsx
59.0,0.0,0.0,39.0,2.0,0.0,0.0,0.0,0.0,0.0,0.0,0.0,3.0,499.0,,,data.xlsx
58.0,0.0,0.0,38.0,4.0,0.0,0.0,0.0,0.0,0.0,0.0,0.0,3.04,498.0,,,data.xlsx
56.0,0.0,0.0,36.0,8.0,0.0,0.0,0.0,0.0,0.0,0.0,0.0,3.08,512.0,,,data.xlsx
54.0,0.0,0.0,34.0,12.0,0.0,0.0,0.0,0.0,0.0,0.0,0.0,3.08,517.0,,,data.xlsx
51.0,0.0,0.0,31.0,18.0,0.0,0.0,0.0,0.0,0.0,0.0,0.0,3.07,535.0,,,data.xlsx
48.0,0.0,0.0,28.0,24.0,0.0,0.0,0.0,0.0,0.0,0.0,0.0,3.32,537.0,,,data.xlsx
45.0,0.0,0.0,25.0,30.0,0.0,0.0,0.0,0.0,0.0,0.0,0.0,2.95,531.0,,,data.xlsx
42.0,0.0,0.0,22.0,36.0,0.0,0.0,0.0,0.0,0.0,0.0,0.0,2.88,509.0,,,data.xlsx
40.0,0.0,0.0,0.0,0.0,30.0,0.0,0.0,0.0,0.0,30.0,0.0,3.03,389.0,6.21e-08,57.891,data.xlsx
40.0,0.0,0.0,10.0,0.0,30.0,0.0,0.0,0.0,0.0,20.0,0.0,3.33,432.0,2.1e-08,59.8207,data.xlsx
40.0,0.0,0.0,20.0,0.0,30.0,0.0,0.0,0.0,0.0,10.0,0.0,3.15,446.0,7.46e-09,61.7504,data.xlsx
40.0,0.0,0.0,30.0,0.0,30.0,0.0,0.0,0.0,0.0,0.0,0.0,3.02,433.0,1.33e-07,38.594,data.xlsx
37.8,0.0,0.0,0.0,0.0,0.0,0.0,29.8,0.0,0.0,32.3,0.0,3.06,369.0,1.32e-09,65.6098,data.xlsx
37.5,0.0,0.0,8.8,0.0,0.0,0.0,34.6,0.0,0.0,19.3,0.0,3.35,450.0,4.05e-10,66.57464999999999,data.xlsx
37.6,0.0,0.0,19.3,0.0,0.0,0.0,31.7,0.0,0.0,11.4,0.0,3.21,494.0,2.2e-10,59.8207,data.xlsx
37.5,0.0,0.0,30.1,0.0,0.0,0.0,32.3,0.0,0.0,0.0,0.0,3.05,492.0,1.44e-09,55.961299999999994,data.xlsx
50.9,0.0,0.0,0.0,0.0,0.0,49.1,0.0,0.0,0.0,0.0,0.0,3.02,495.0,1.94e-13,64.64495000000001,data.xlsx
43.1,0.0,0.0,0.0,0.0,0.0,56.9,0.0,0.0,0.0,0.0,0.0,3.17,585.0,2.13e-12,59.8207,data.xlsx
39.1,0.0,0.0,0.0,0.0,0.0,60.9,0.0,0.0,0.0,0.0,0.0,3.24,505.0,4.96e-10,52.1019,data.xlsx
30.2,0.0,0.0,0.0,0.0,0.0,69.8,0.0,0.0,0.0,0.0,0.0,3.32,431.0,9.84e-12,55.961299999999994,data.xlsx
19.8,0.0,0.0,0.0,0.0,0.0,80.2,0.0,0.0,0.0,0.0,0.0,3.57,382.0,1.02e-11,61.7504,data.xlsx
50.0,0.0,0.0,0.0,0.0,0.0,0.0,0.0,0.0,0.0,0.0,50.0,2.9,460.0,,,data.xlsx
45.0,0.0,0.0,0.0,0.0,0.0,10.0,0.0,0.0,0.0,0.0,45.0,3.08,452.0,,,data.xlsx
40.0,0.0,0.0,0.0,0.0,0.0,20.0,0.0,0.0,0.0,0.0,40.0,3.2,448.0,,,data.xlsx
35.0,0.0,0.0,0.0,0.0,0.0,30.0,0.0,0.0,0.0,0.0,35.0,3.34,443.0,,,data.xlsx
30.0,0.0,0.0,0.0,0.0,0.0,40.0,0.0,0.0,0.0,0.0,30.0,3.44,430.0,,,data.xlsx
25.0,0.0,0.0,0.0,0.0,0.0,50.0,0.0,0.0,0.0,0.0,25.0,3.54,413.0,,,data.xlsx
20.0,0.0,0.0,0.0,0.0,0.0,60.0,0.0,0.0,0.0,0.0,20.0,3.65,388.0,,,data.xlsx
15.0,0.0,0.0,0.0,0.0,0.0,70.0,0.0,0.0,0.0,0.0,15.0,3.78,368.0,,,data.xlsx
70.0,0.0,0.0,0.0,0.0,0.0,20.0,0.0,0.0,0.0,0.0,10.0,2.72,,,,data.xlsx
60.0,0.0,0.0,0.0,0.0,0.0,30.0,0.0,0.0,0.0,0.0,10.0,2.95,482.0,,,data.xlsx
50.0,0.0,0.0,0.0,0.0,0.0,40.0,0.0,0.0,0.0,0.0,10.0,3.03,538.0,,,data.xlsx
40.0,0.0,0.0,0.0,0.0,0.0,50.0,0.0,0.0,0.0,0.0,10.0,3.11,487.0,,,data.xlsx
30.0,0.0,0.0,0.0,0.0,0.0,60.0,0.0,0.0,0.0,0.0,10.0,3.31,415.0,,,data.xlsx
20.0,0.0,0.0,0.0,0.0,0.0,70.0,0.0,0.0,0.0,0.0,10.0,3.56,391.0,,,data.xlsx
70.0,0.0,0.0,0.0,0.0,0.0,20.0,0.0,0.0,0.0,0.0,10.0,2.72,,,,data.xlsx
60.0,0.0,0.0,0.0,0.0,0.0,20.0,0.0,0.0,0.0,0.0,20.0,2.74,386.0,,,data.xlsx
50.0,0.0,0.0,0.0,0.0,0.0,20.0,0.0,0.0,0.0,0.0,30.0,3.0,492.0,,,data.xlsx
40.0,0.0,0.0,0.0,0.0,0.0,20.0,0.0,0.0,0.0,0.0,40.0,3.2,448.0,,,data.xlsx
30.0,0.0,0.0,0.0,0.0,0.0,20.0,0.0,0.0,0.0,0.0,50.0,3.72,449.0,,,data.xlsx
50.0,0.0,0.0,0.0,0.0,0.0,0.0,0.0,0.0,0.0,0.0,50.0,2.9,460.0,,,data.xlsx
50.0,0.0,0.0,0.0,0.0,0.0,10.0,0.0,0.0,0.0,0.0,40.0,2.96,440.0,,,data.xlsx
50.0,0.0,0.0,0.0,0.0,0.0,20.0,0.0,0.0,0.0,0.0,30.0,3.0,492.0,,,data.xlsx
50.0,0.0,0.0,0.0,0.0,0.0,30.0,0.0,0.0,0.0,0.0,20.0,3.02,514.0,,,data.xlsx
50.0,0.0,0.0,0.0,0.0,0.0,40.0,0.0,0.0,0.0,0.0,10.0,3.03,536.0,,,data.xlsx
50.0,0.0,0.0,0.0,0.0,0.0,50.0,0.0,0.0,0.0,0.0,0.0,3.03,530.0,,,data.xlsx
56.8,0.0,0.0,0.0,0.0,43.2,0.0,0.0,0.0,0.0,0.0,0.0,2.35,263.0,2.39e-11,87.80135,data.xlsx
47.2,0.0,0.0,0.0,0.0,43.6,9.2,0.0,0.0,0.0,0.0,0.0,2.53,314.0,6.2e-11,83.94195,data.xlsx
37.8,0.0,0.0,0.0,0.0,41.4,20.8,0.0,0.0,0.0,0.0,0.0,2.75,353.0,1.9e-09,71.3989,data.xlsx
30.3,0.0,0.0,0.0,0.0,40.7,29.0,0.0,0.0,0.0,0.0,0.0,2.96,379.0,3.6e-08,61.7504,data.xlsx
20.0,0.0,0.0,0.0,0.0,40.0,40.0,0.0,0.0,0.0,0.0,0.0,3.25,355.0,1.76e-07,55.961299999999994,data.xlsx
10.0,0.0,0.0,0.0,0.0,40.0,50.0,0.0,0.0,0.0,0.0,0.0,3.41,270.0,1.41e-07,53.066750000000006,data.xlsx
60.1,0.0,0.0,0.0,0.0,0.0,0.0,39.9,0.0,0.0,0.0,0.0,2.43,161.0,1.05e-12,96.485,data.xlsx
50.9,0.0,0.0,0.0,0.0,0.0,9.3,39.8,0.0,0.0,0.0,0.0,2.62,260.0,5.07e-12,89.73105000000001,data.xlsx
41.5,0.0,0.0,0.0,0.0,0.0,19.0,39.5,0.0,0.0,0.0,0.0,2.8,329.0,7.59e-10,68.50435,data.xlsx
32.2,0.0,0.0,0.0,0.0,0.0,28.4,39.4,0.0,0.0,0.0,0.0,3.04,380.0,2.28e-09,62.715250000000005,data.xlsx
21.58,0.0,0.0,0.0,0.0,0.0,38.4,39.8,0.0,0.0,0.0,0.0,3.24,346.0,8.67e-10,65.6098,data.xlsx
12.0,0.0,0.0,0.0,0.0,0.0,48.2,39.8,0.0,0.0,0.0,0.0,3.4,282.0,8e-11,66.57464999999999,data.xlsx
60.0,0.0,0.0,0.0,0.0,35.0,0.0,0.0,5.0,0.0,0.0,0.0,2.1205,,,,data.xlsx
59.5,0.5,0.0,0.0,0.0,35.0,0.0,0.0,5.0,0.0,0.0,0.0,2.5759,,,81.0474,data.xlsx
59.0,1.0,0.0,0.0,0.0,35.0,0.0,0.0,5.0,0.0,0.0,0.0,2.6032,,,94.5553,data.xlsx
58.5,1.5,0.0,0.0,0.0,35.0,0.0,0.0,5.0,0.0,0.0,0.0,2.6319,,,82.01225,data.xlsx
58.0,2.0,0.0,0.0,0.0,35.0,0.0,0.0,5.0,0.0,0.0,0.0,2.6412,,,88.7662,data.xlsx
57.5,2.5,0.0,0.0,0.0,35.0,0.0,0.0,5.0,0.0,0.0,0.0,2.6547,,,91.66075,data.xlsx
47.8,0.0,0.0,0.0,41.9,0.0,0.0,0.0,10.3,0.0,0.0,0.0,2.7,485.0,2.92e-09,81.0474,data.xlsx
42.9,0.0,0.0,0.0,36.7,0.0,0.0,0.0,20.4,0.0,0.0,0.0,2.93,562.0,1.83e-09,79.1177,data.xlsx
37.0,0.0,0.0,0.0,31.6,0.0,0.0,0.0,31.4,0.0,0.0,0.0,3.19,687.0,1.63e-10,82.01225,data.xlsx
32.7,0.0,0.0,0.0,28.9,0.0,0.0,0.0,38.4,0.0,0.0,0.0,3.38,738.0,1.58e-12,95.52015,data.xlsx
26.8,0.0,0.0,0.0,26.2,0.0,0.0,0.0,47.0,0.0,0.0,0.0,3.61,739.0,4.89e-13,98.4147,data.xlsx
65.0,0.0,0.0,0.0,0.0,0.0,0.0,35.0,0.0,0.0,0.0,0.0,2.4,254.0,4.63e-12,82.9771,data.xlsx
60.0,0.0,0.0,0.0,0.0,0.0,0.0,35.0,5.0,0.0,0.0,0.0,2.55,291.0,3.43e-11,76.22315,data.xlsx
55.0,0.0,0.0,0.0,0.0,0.0,0.0,35.0,10.0,0.0,0.0,0.0,2.66,340.0,1.81e-10,69.4692,data.xlsx
50.0,0.0,0.0,0.0,0.0,0.0,0.0,35.0,15.0,0.0,0.0,0.0,2.78,380.0,1.68e-09,61.7504,data.xlsx
45.0,0.0,0.0,0.0,0.0,0.0,0.0,35.0,20.0,0.0,0.0,0.0,2.94,470.0,1.08e-08,55.961299999999994,data.xlsx
40.0,0.0,0.0,0.0,0.0,0.0,0.0,35.0,25.0,0.0,0.0,0.0,3.1,545.0,1.14e-08,54.031600000000005,data.xlsx
35.0,0.0,0.0,0.0,0.0,0.0,0.0,35.0,30.0,0.0,0.0,0.0,3.27,587.0,1e-08,53.066750000000006,data.xlsx
30.0,0.0,0.0,0.0,0.0,0.0,0.0,35.0,35.0,0.0,0.0,0.0,3.34,620.0,3.57e-09,54.996449999999996,data.xlsx
25.0,0.0,0.0,0.0,0.0,0.0,0.0,35.0,40.0,0.0,0.0,0.0,3.58,631.0,2.24e-09,54.996449999999996,data.xlsx
20.0,0.0,0.0,0.0,0.0,0.0,0.0,35.0,45.0,0.0,0.0,0.0,3.76,645.0,4.27e-10,58.85585,data.xlsx
24.3,0.0,0.0,0.0,0.0,0.0,0.0,51.0,24.7,0.0,0.0,0.0,3.33,500.0,,,data.xlsx
36.6,0.0,0.0,0.0,0.0,0.0,0.0,50.7,12.7,0.0,0.0,0.0,2.91,405.0,,,data.xlsx
29.1,0.0,0.0,0.0,0.0,0.0,0.0,55.6,15.3,0.0,0.0,0.0,3.05,423.0,,,data.xlsx
29.0,0.0,0.0,0.0,0.0,0.0,0.0,58.5,12.5,0.0,0.0,0.0,2.98,407.0,,,data.xlsx
29.0,0.0,0.0,0.0,0.0,0.0,0.0,51.1,19.9,0.0,0.0,0.0,3.17,467.0,,,data.xlsx
29.5,0.0,0.0,0.0,0.0,0.0,0.0,40.0,30.5,0.0,0.0,0.0,3.4,518.0,,,data.xlsx
34.6,0.0,0.0,0.0,0.0,0.0,0.0,49.9,15.5,0.0,0.0,0.0,2.99,430.0,,,data.xlsx
41.7,0.0,0.0,0.0,0.0,0.0,0.0,50.5,7.7,0.0,0.0,0.0,2.75,340.0,,,data.xlsx
40.7,0.0,0.0,0.0,0.0,0.0,0.0,46.6,12.7,0.0,0.0,0.0,2.87,390.0,,,data.xlsx
46.3,0.0,0.0,0.0,0.0,0.0,0.0,40.7,12.9,0.0,0.0,0.0,2.83,382.0,,,data.xlsx
30.0,0.0,0.0,0.0,0.0,0.0,0.0,40.0,30.0,0.0,0.0,0.0,3.27,564.0,2.0892961308540368e-08,,data.xlsx
30.0,0.0,0.0,0.0,0.0,0.0,0.0,45.0,25.0,0.0,0.0,0.0,3.15,530.0,4.786300923226378e-08,,data.xlsx
30.0,0.0,0.0,0.0,0.0,0.0,0.0,50.0,20.0,0.0,0.0,0.0,3.07,493.0,6.7608297539198e-08,,data.xlsx
30.0,0.0,0.0,0.0,0.0,0.0,0.0,55.0,15.0,0.0,0.0,0.0,2.94,441.0,9.772372209558102e-08,,data.xlsx
30.0,0.0,0.0,0.0,0.0,0.0,0.0,60.0,10.0,0.0,0.0,0.0,2.83,386.0,1.5848931924611122e-07,,data.xlsx
55.0,0.0,10.0,0.0,0.0,0.0,0.0,35.0,0.0,0.0,0.0,0.0,2.54,413.0,5.93e-10,65.6098,data.xlsx
50.0,0.0,10.0,0.0,0.0,0.0,0.0,35.0,5.0,0.0,0.0,0.0,2.67,439.0,6.21e-10,63.6801,data.xlsx
45.0,0.0,10.0,0.0,0.0,0.0,0.0,35.0,10.0,0.0,0.0,0.0,2.81,476.0,1.58e-09,59.8207,data.xlsx
40.0,0.0,10.0,0.0,0.0,0.0,0.0,35.0,15.0,0.0,0.0,0.0,2.94,512.0,2.1e-09,57.891,data.xlsx
35.0,0.0,10.0,0.0,0.0,0.0,0.0,35.0,20.0,0.0,0.0,0.0,3.09,555.0,3.44e-09,56.92615,data.xlsx
30.0,0.0,10.0,0.0,0.0,0.0,0.0,35.0,25.0,0.0,0.0,0.0,3.23,573.0,2.3e-09,56.92615,data.xlsx
25.0,0.0,10.0,0.0,0.0,0.0,0.0,35.0,30.0,0.0,0.0,0.0,3.38,578.0,1.34e-09,57.891,data.xlsx
20.0,0.0,10.0,0.0,0.0,0.0,0.0,35.0,35.0,0.0,0.0,0.0,3.53,,,,data.xlsx
55.0,0.0,0.0,0.0,0.0,0.0,0.0,35.0,0.0,0.0,0.0,10.0,2.56,272.0,1.88e-12,82.01225,data.xlsx
50.0,0.0,0.0,0.0,0.0,0.0,0.0,35.0,5.0,0.0,0.0,10.0,2.7,315.0,2.36e-11,75.2583,data.xlsx
45.0,0.0,0.0,0.0,0.0,0.0,0.0,35.0,10.0,0.0,0.0,10.0,2.85,352.0,1.21e-10,68.50435,data.xlsx
40.0,0.0,0.0,0.0,0.0,0.0,0.0,35.0,15.0,0.0,0.0,10.0,3.01,430.0,1.04e-09,61.7504,data.xlsx
35.0,0.0,0.0,0.0,0.0,0.0,0.0,35.0,20.0,0.0,0.0,10.0,3.17,504.0,2.13e-09,58.85585,data.xlsx
30.0,0.0,0.0,0.0,0.0,0.0,0.0,35.0,25.0,0.0,0.0,10.0,3.35,541.0,2.64e-09,56.92615,data.xlsx
25.0,0.0,0.0,0.0,0.0,0.0,0.0,35.0,30.0,0.0,0.0,10.0,3.52,567.0,9.86e-10,58.85585,data.xlsx
20.0,0.0,0.0,0.0,0.0,0.0,0.0,35.0,35.0,0.0,0.0,10.0,3.71,566.0,4.14e-10,60.78555,data.xlsx
15.0,0.0,0.0,0.0,0.0,0.0,0.0,35.0,40.0,0.0,0.0,10.0,3.93,,2.34e-11,67.53949999999999,data.xlsx
58.6,0.0,0.0,0.0,0.0,0.0,0.0,0.0,0.0,41.4,0.0,0.0,2.76,551.0,2.95e-08,46.99,data.xlsx
50.4,0.0,0.0,0.0,0.0,0.0,0.0,0.0,0.0,49.6,0.0,0.0,2.79,475.0,6.38e-08,46.24,data.xlsx
41.6,0.0,0.0,0.0,0.0,0.0,0.0,0.0,0.0,58.4,0.0,0.0,2.81,351.0,9.37e-07,41.95,data.xlsx
31.6,0.0,0.0,0.0,0.0,0.0,0.0,0.0,0.0,68.4,0.0,0.0,2.85,290.0,3.68e-05,39.69,data.xlsx
22.0,0.0,0.0,0.0,0.0,0.0,0.0,0.0,0.0,78.0,0.0,0.0,2.88,254.0,2.63e-05,36.35,data.xlsx
10.8,0.0,0.0,0.0,0.0,0.0,0.0,0.0,0.0,89.2,0.0,0.0,2.93,234.0,0.000103,33.32,data.xlsx
50.0,0.0,0.0,0.0,0.0,0.0,0.0,0.0,0.0,50.0,0.0,0.0,2.85,460.0,,54.031600000000005,data.xlsx
40.0,0.0,0.0,0.0,0.0,0.0,0.0,0.0,0.0,60.0,0.0,0.0,2.88,373.0,,54.031600000000005,data.xlsx
30.0,0.0,0.0,0.0,0.0,0.0,0.0,0.0,0.0,70.0,0.0,0.0,2.91,306.0,,49.20735,data.xlsx
20.0,0.0,0.0,0.0,0.0,0.0,0.0,0.0,0.0,80.0,0.0,0.0,2.94,261.0,,43.41825,data.xlsx
15.0,0.0,0.0,0.0,0.0,0.0,0.0,0.0,0.0,85.0,0.0,0.0,2.97,252.0,,39.55885,data.xlsx
10.0,0.0,0.0,0.0,0.0,0.0,0.0,0.0,0.0,90.0,0.0,0.0,3.01,246.0,,35.69945,data.xlsx
49.7,0.0,0.0,0.0,0.0,0.0,0.0,0.0,0.0,50.3,0.0,0.0,2.82,448.0,,32.8049,data.xlsx
41.2,0.0,0.0,0.0,0.0,0.0,0.0,0.0,0.0,58.9,0.0,0.0,2.85,352.0,,,data.xlsx
47.63,0.0,0.0,0.0,0.0,0.0,0.0,0.0,0.0,52.37,0.0,0.0,2.778,468.0,,33.769749999999995,data.xlsx
38.9,0.0,0.0,9.7,0.0,0.0,0.0,0.0,0.0,51.4,0.0,0.0,2.84,369.0,1.45e-07,44.85,data.xlsx
42.3,0.0,0.0,18.4,0.0,0.0,0.0,0.0,0.0,39.3,0.0,0.0,2.87,382.0,1.12e-08,49.08,data.xlsx
44.2,0.0,0.0,27.0,0.0,0.0,0.0,0.0,0.0,28.8,0.0,0.0,2.89,420.0,6.59e-10,55.09,data.xlsx
37.9,0.0,0.0,40.4,0.0,0.0,0.0,0.0,0.0,21.7,0.0,0.0,3.05,474.0,1.17e-08,52.64,data.xlsx
39.5,0.0,0.0,47.5,0.0,0.0,0.0,0.0,0.0,13.0,0.0,0.0,3.35,575.0,8.1e-06,29.54,data.xlsx
10.0,0.0,0.0,0.0,0.0,0.0,0.0,0.0,0.0,90.0,0.0,0.0,3.01,246.0,,32.8049,data.xlsx
10.0,0.0,0.0,5.0,0.0,0.0,0.0,0.0,0.0,85.0,0.0,0.0,3.04,269.0,,37.62915,data.xlsx
10.0,0.0,0.0,10.0,0.0,0.0,0.0,0.0,0.0,80.0,0.0,0.0,3.01,300.0,,38.594,data.xlsx
18.0,0.0,0.0,10.0,0.0,0.0,0.0,0.0,0.0,72.0,0.0,0.0,3.03,307.0,,41.48855,data.xlsx
20.0,0.0,0.0,10.0,0.0,0.0,0.0,0.0,0.0,70.0,0.0,0.0,3.02,315.0,,43.41825,data.xlsx
30.0,0.0,0.0,10.0,0.0,0.0,0.0,0.0,0.0,60.0,0.0,0.0,2.98,343.0,,51.13705,data.xlsx
35.0,0.0,0.0,12.5,0.0,0.0,0.0,0.0,0.0,52.5,0.0,0.0,2.99,377.0,,52.1019,data.xlsx
10.0,0.0,0.0,15.0,0.0,0.0,0.0,0.0,0.0,75.0,0.0,0.0,3.16,335.0,,39.55885,data.xlsx
15.0,0.0,0.0,15.0,0.0,0.0,0.0,0.0,0.0,70.0,0.0,0.0,3.08,329.0,,43.41825,data.xlsx
10.0,0.0,0.0,20.0,0.0,0.0,0.0,0.0,0.0,70.0,0.0,0.0,3.23,360.0,,35.69945,data.xlsx
16.0,0.0,0.0,20.0,0.0,0.0,0.0,0.0,0.0,64.0,0.0,0.0,3.17,368.0,,40.5237,data.xlsx
20.0,0.0,0.0,20.0,0.0,0.0,0.0,0.0,0.0,60.0,0.0,0.0,3.14,370.0,,44.3831,data.xlsx
30.0,0.0,0.0,20.0,0.0,0.0,0.0,0.0,0.0,50.0,0.0,0.0,3.09,381.0,,51.13705,data.xlsx
15.0,0.0,0.0,25.0,0.0,0.0,0.0,0.0,0.0,60.0,0.0,0.0,3.27,384.0,,38.594,data.xlsx
30.0,0.0,0.0,25.0,0.0,0.0,0.0,0.0,0.0,45.0,0.0,0.0,3.14,441.0,,50.172200000000004,data.xlsx
20.0,0.0,0.0,30.0,0.0,0.0,0.0,0.0,0.0,50.0,0.0,0.0,3.32,415.0,,37.62915,data.xlsx
25.0,0.0,0.0,37.5,0.0,0.0,0.0,0.0,0.0,37.5,0.0,0.0,3.36,441.0,,41.48855,data.xlsx
30.0,0.0,0.0,40.0,0.0,0.0,0.0,0.0,0.0,30.0,0.0,0.0,3.44,454.0,,44.3831,data.xlsx
60.0,0.0,0.0,40.0,0.0,0.0,0.0,0.0,0.0,0.0,0.0,0.0,3.01,487.0,,67.53949999999999,data.xlsx
47.63,0.0,0.0,0.0,0.0,0.0,0.0,0.0,0.0,52.37,0.0,0.0,2.778,468.0,,33.769749999999995,data.xlsx
46.66,0.0,0.0,5.49,0.0,0.0,0.0,0.0,0.0,47.86,0.0,0.0,2.798,,,37.62915,data.xlsx
44.68,0.0,0.0,11.13,0.0,0.0,0.0,0.0,0.0,44.19,0.0,0.0,2.83,487.0,,44.3831,data.xlsx
46.56,0.0,0.0,23.36,0.0,0.0,0.0,0.0,0.0,30.08,0.0,0.0,2.848,506.0,,46.312799999999996,data.xlsx
47.3,0.0,0.0,26.19,0.0,0.0,0.0,0.0,0.0,26.51,0.0,0.0,2.929,511.0,,51.13705,data.xlsx
46.26,0.0,0.0,32.31,0.0,0.0,0.0,0.0,0.0,21.43,0.0,0.0,2.93,508.0,,52.1019,data.xlsx
47.01,0.0,0.0,41.67,0.0,0.0,0.0,0.0,0.0,11.32,0.0,0.0,3.024,494.0,,52.1019,data.xlsx
47.0,0.0,0.0,47.41,0.0,0.0,0.0,0.0,0.0,5.6,0.0,0.0,3.133,494.0,,50.172200000000004,data.xlsx
47.36,0.0,0.0,52.64,0.0,0.0,0.0,0.0,0.0,0.0,0.0,0.0,3.235,492.0,,46.312799999999996,data.xlsx
40.8,0.0,0.0,0.0,0.0,0.0,10.6,0.0,0.0,48.6,0.0,0.0,2.87,395.0,2.07e-07,44.36,data.xlsx
39.4,0.0,0.0,0.0,0.0,0.0,21.2,0.0,0.0,39.4,0.0,0.0,2.9,409.0,1.83e-07,44.0,data.xlsx
39.4,0.0,0.0,0.0,0.0,0.0,31.4,0.0,0.0,29.2,0.0,0.0,2.95,442.0,5.14e-08,46.18,data.xlsx
40.1,0.0,0.0,0.0,0.0,0.0,40.3,0.0,0.0,19.6,0.0,0.0,2.98,474.0,1.12e-08,48.11,data.xlsx
37.9,0.0,0.0,0.0,0.0,0.0,52.2,0.0,0.0,9.9,0.0,0.0,3.04,500.0,1.95e-09,49.19,data.xlsx
39.6,0.0,0.0,0.0,0.0,0.0,60.4,0.0,0.0,0.0,0.0,0.0,3.09,525.0,6.41e-11,52.37,data.xlsx
55.0,0.0,0.0,0.0,0.0,0.0,0.0,35.0,0.0,10.0,0.0,0.0,2.63,352.0,7.7e-11,71.3989,data.xlsx
50.0,0.0,0.0,0.0,0.0,0.0,0.0,35.0,5.0,10.0,0.0,0.0,2.75,384.0,2e-10,67.53949999999999,data.xlsx
45.0,0.0,0.0,0.0,0.0,0.0,0.0,35.0,10.0,10.0,0.0,0.0,2.92,404.0,2.37e-10,65.6098,data.xlsx
40.0,0.0,0.0,0.0,0.0,0.0,0.0,35.0,15.0,10.0,0.0,0.0,3.04,425.0,2.77e-10,64.64495000000001,data.xlsx
35.0,0.0,0.0,0.0,0.0,0.0,0.0,35.0,20.0,10.0,0.0,0.0,3.19,452.0,3.29e-10,62.715250000000005,data.xlsx
30.0,0.0,0.0,0.0,0.0,0.0,0.0,35.0,25.0,10.0,0.0,0.0,3.32,455.0,2.21e-10,62.715250000000005,data.xlsx
25.0,0.0,0.0,0.0,0.0,0.0,0.0,35.0,30.0,10.0,0.0,0.0,3.45,465.0,1.99e-10,62.715250000000005,data.xlsx
20.0,0.0,0.0,0.0,0.0,0.0,0.0,35.0,35.0,10.0,0.0,0.0,3.59,503.0,1.34e-10,62.715250000000005,data.xlsx
15.0,0.0,0.0,0.0,0.0,0.0,0.0,35.0,40.0,10.0,0.0,0.0,3.78,,1.03e-10,62.715250000000005,data.xlsx
40.0,0.0,0.0,0.0,0.0,0.0,0.0,35.0,0.0,25.0,0.0,0.0,2.97,371.0,1.44e-08,45.34795,data.xlsx
35.0,0.0,0.0,0.0,0.0,0.0,0.0,35.0,5.0,25.0,0.0,0.0,3.0,348.0,1.26e-09,54.996449999999996,data.xlsx
30.0,0.0,0.0,0.0,0.0,0.0,0.0,35.0,10.0,25.0,0.0,0.0,3.1,340.0,6.43e-11,65.6098,data.xlsx
25.0,0.0,0.0,0.0,0.0,0.0,0.0,35.0,15.0,25.0,0.0,0.0,3.16,334.0,2.61e-11,70.43405,data.xlsx
20.0,0.0,0.0,0.0,0.0,0.0,0.0,35.0,20.0,25.0,0.0,0.0,3.23,338.0,2.37e-11,71.3989,data.xlsx
15.0,0.0,0.0,0.0,0.0,0.0,0.0,35.0,25.0,25.0,0.0,0.0,3.38,355.0,3.81e-11,71.3989,data.xlsx
10.0,0.0,0.0,0.0,0.0,0.0,0.0,35.0,30.0,25.0,0.0,0.0,3.5,230.0,1.69e-11,75.2583,data.xlsx
5.0,0.0,0.0,0.0,0.0,0.0,0.0,35.0,35.0,25.0,0.0,0.0,3.61,201.0,1.72e-11,74.29345,data.xlsx
42.0,0.0,0.0,0.0,0.0,0.0,0.0,0.0,0.0,47.2,10.8,0.0,3.0,384.0,7.65e-07,41.67,data.xlsx
41.5,0.0,0.0,0.0,0.0,0.0,0.0,0.0,0.0,37.7,20.8,0.0,3.26,444.0,4.23e-07,42.14,data.xlsx
40.9,0.0,0.0,0.0,0.0,0.0,0.0,0.0,0.0,28.4,30.7,0.0,3.63,527.0,1.81e-07,43.02,data.xlsx
42.2,0.0,0.0,0.0,0.0,0.0,0.0,0.0,0.0,17.5,40.3,0.0,3.86,613.0,2.6e-08,43.96,data.xlsx
38.7,0.0,0.0,0.0,0.0,0.0,0.0,0.0,0.0,8.9,52.4,0.0,4.26,713.0,1.43e-09,47.18,data.xlsx
33.1,0.0,0.0,0.0,0.0,0.0,0.0,0.0,0.0,0.0,66.9,0.0,4.7,795.0,1.32e-06,37.16,data.xlsx
40.0,0.0,0.0,0.0,0.0,0.0,0.0,0.0,0.0,50.0,10.0,0.0,3.088,473.2,,,data.xlsx
30.0,0.0,0.0,0.0,0.0,0.0,0.0,0.0,0.0,40.0,30.0,0.0,3.616,412.5,,,data.xlsx
30.0,0.0,0.0,0.0,0.0,0.0,0.0,0.0,0.0,50.0,20.0,0.0,3.4,350.8,,,data.xlsx
30.0,0.0,0.0,0.0,0.0,0.0,0.0,0.0,0.0,60.0,10.0,0.0,3.092,318.2,,,data.xlsx
30.0,0.0,0.0,0.0,0.0,0.0,0.0,0.0,0.0,70.0,0.0,0.0,2.891,286.6,,,data.xlsx
20.0,0.0,0.0,0.0,0.0,0.0,0.0,0.0,0.0,70.0,10.0,0.0,3.163,267.2,,,data.xlsx
10.0,0.0,0.0,0.0,0.0,0.0,0.0,12.8,0.0,77.2,0.0,0.0,3.19,237.0,,34.7346,data.xlsx
15.0,0.0,0.0,0.0,0.0,0.0,0.0,12.1,0.0,72.9,0.0,0.0,2.95,245.0,,35.69945,data.xlsx
20.0,0.0,0.0,0.0,0.0,0.0,0.0,11.4,0.0,68.6,0.0,0.0,2.92,256.0,,36.6643,data.xlsx
10.0,0.0,0.0,0.0,0.0,0.0,0.0,15.0,0.0,75.0,0.0,0.0,3.02,233.0,,35.69945,data.xlsx
15.0,0.0,0.0,0.0,0.0,0.0,0.0,14.2,0.0,70.8,0.0,0.0,2.99,240.0,,36.6643,data.xlsx
20.0,0.0,0.0,0.0,0.0,0.0,0.0,13.3,0.0,66.7,0.0,0.0,2.96,260.0,,38.594,data.xlsx
15.0,0.0,0.0,0.0,0.0,0.0,0.0,17.0,0.0,68.0,0.0,0.0,2.98,266.0,,36.6643,data.xlsx
20.0,0.0,0.0,0.0,0.0,0.0,0.0,16.0,0.0,64.0,0.0,0.0,2.95,277.0,,38.594,data.xlsx
15.0,0.0,0.0,0.0,0.0,0.0,0.0,21.2,0.0,63.8,0.0,0.0,2.97,268.0,,40.5237,data.xlsx
20.0,0.0,0.0,0.0,0.0,0.0,0.0,20.0,0.0,60.0,0.0,0.0,2.95,274.0,,38.594,data.xlsx
50.2,0.0,0.0,0.0,0.0,0.0,0.0,0.0,0.0,0.0,49.8,0.0,4.02,680.0,8.53e-08,41.48855,data.xlsx
38.7,0.0,0.0,0.0,0.0,0.0,0.0,0.0,0.0,0.0,61.3,0.0,4.55,662.0,1.66e-06,36.6643,data.xlsx
33.6,0.0,0.0,0.0,0.0,0.0,0.0,0.0,0.0,0.0,66.4,0.0,4.75,760.0,2.4e-05,31.84005,data.xlsx
29.3,0.0,0.0,0.0,0.0,0.0,0.0,0.0,0.0,0.0,70.7,0.0,5.0,721.0,7.74e-07,39.55885,data.xlsx
18.7,0.0,0.0,0.0,0.0,0.0,0.0,0.0,0.0,0.0,81.3,0.0,5.68,735.0,8.04e-10,55.961299999999994,data.xlsx
56.8,0.0,0.0,0.0,0.0,43.2,0.0,0.0,0.0,0.0,0.0,0.0,2.35,263.0,2.39e-11,87.80135,data.xlsx
50.1,0.0,0.0,0.0,0.0,41.7,0.0,0.0,0.0,0.0,8.1,0.0,2.75,323.0,1.19e-10,82.01225,data.xlsx
42.0,0.0,0.0,0.0,0.0,41.6,0.0,0.0,0.0,0.0,16.3,0.0,3.25,387.0,4.7e-09,69.4692,data.xlsx
30.0,0.0,0.0,0.0,0.0,40.0,0.0,0.0,0.0,0.0,30.0,0.0,3.75,426.0,1.37e-07,57.891,data.xlsx
20.0,0.0,0.0,0.0,0.0,40.0,0.0,0.0,0.0,0.0,40.0,0.0,4.4,450.0,1.38e-06,50.172200000000004,data.xlsx
10.0,0.0,0.0,0.0,0.0,40.0,0.0,0.0,0.0,0.0,50.0,0.0,4.99,393.0,1.88e-06,50.172200000000004,data.xlsx
60.1,0.0,0.0,0.0,0.0,0.0,0.0,39.9,0.0,0.0,0.0,0.0,2.43,161.0,1.05e-12,96.485,data.xlsx
48.8,0.0,0.0,0.0,0.0,0.0,0.0,39.3,0.0,0.0,11.9,0.0,2.84,221.0,7.32e-12,88.7662,data.xlsx
38.6,0.0,0.0,0.0,0.0,0.0,0.0,39.2,0.0,0.0,22.2,0.0,3.21,290.0,1.63e-09,67.53949999999999,data.xlsx
28.5,0.0,0.0,0.0,0.0,0.0,0.0,38.4,0.0,0.0,33.11,0.0,3.78,417.0,5.08e-09,61.7504,data.xlsx
18.6,0.0,0.0,0.0,0.0,0.0,0.0,39.1,0.0,0.0,42.3,0.0,4.23,457.0,1.67e-08,56.92615,data.xlsx
8.9,0.0,0.0,0.0,0.0,0.0,0.0,39.3,0.0,0.0,51.8,0.0,4.81,389.0,6.4e-09,59.8207,data.xlsx
40.0,30.0,0.0,0.0,0.0,0.0,0.0,0.0,0.0,0.0,0.0,30.0,4.4,513.0,2.97e-09,66.3,data.xlsx
40.0,25.0,0.0,0.0,0.0,0.0,10.0,0.0,0.0,0.0,0.0,25.0,4.15,543.0,3.74e-10,69.0,data.xlsx
40.0,20.0,0.0,0.0,0.0,0.0,20.0,0.0,0.0,0.0,0.0,20.0,3.94,593.0,6.19e-11,73.0,data.xlsx
40.0,15.0,0.0,0.0,0.0,0.0,30.0,0.0,0.0,0.0,0.0,15.0,3.72,649.0,8.85e-12,74.7,data.xlsx
40.0,10.0,0.0,0.0,0.0,0.0,40.0,0.0,0.0,0.0,0.0,10.0,3.53,686.0,6.12e-13,81.2,data.xlsx
40.0,5.0,0.0,0.0,0.0,0.0,50.0,0.0,0.0,0.0,0.0,5.0,3.33,714.0,5.62e-14,85.9,data.xlsx
40.0,0.0,0.0,0.0,0.0,30.0,0.0,0.0,0.0,0.0,0.0,30.0,2.91,579.0,1.94e-13,105.7,data.xlsx
40.0,0.0,0.0,0.0,0.0,25.0,10.0,0.0,0.0,0.0,0.0,25.0,2.99,607.0,6.93e-13,96.9,data.xlsx
40.0,0.0,0.0,0.0,0.0,20.0,20.0,0.0,0.0,0.0,0.0,20.0,3.1,637.0,1.58e-12,90.7,data.xlsx
40.0,0.0,0.0,0.0,0.0,15.0,30.0,0.0,0.0,0.0,0.0,15.0,3.13,658.0,1.27e-12,88.1,data.xlsx
40.0,0.0,0.0,0.0,0.0,10.0,40.0,0.0,0.0,0.0,0.0,10.0,3.16,681.0,9.7e-13,85.4,data.xlsx
40.0,0.0,0.0,0.0,0.0,5.0,50.0,0.0,0.0,0.0,0.0,5.0,3.2,701.0,1.75e-13,87.9,data.xlsx
40.0,0.0,0.0,0.0,0.0,0.0,60.0,0.0,0.0,0.0,0.0,0.0,3.15,751.0,2.75e-11,54.3,data.xlsx
40.0,0.0,0.0,0.0,0.0,0.0,0.0,30.0,0.0,0.0,0.0,30.0,2.93,576.0,7.88e-13,88.8,data.xlsx
40.0,0.0,0.0,0.0,0.0,0.0,10.0,25.0,0.0,0.0,0.0,25.0,3.01,611.0,1.42e-12,85.1,data.xlsx
40.0,0.0,0.0,0.0,0.0,0.0,20.0,20.0,0.0,0.0,0.0,20.0,3.06,645.0,1.61e-12,82.9,data.xlsx
40.0,0.0,0.0,0.0,0.0,0.0,30.0,15.0,0.0,0.0,0.0,15.0,3.08,671.0,1.19e-12,82.1,data.xlsx
40.0,0.0,0.0,0.0,0.0,0.0,40.0,10.0,0.0,0.0,0.0,10.0,3.1,712.0,5.61e-13,83.1,data.xlsx
40.0,0.0,0.0,0.0,0.0,0.0,50.0,5.0,0.0,0.0,0.0,5.0,3.13,731.0,2.37e-13,79.6,data.xlsx
40.0,30.0,0.0,0.0,0.0,0.0,0.0,0.0,0.0,0.0,0.0,30.0,4.4,513.0,2.97e-09,66.3,data.xlsx
40.0,25.0,0.0,0.0,0.0,0.0,0.0,0.0,0.0,0.0,10.0,25.0,4.41,557.0,6.95e-10,67.1,data.xlsx
40.0,20.0,0.0,0.0,0.0,0.0,0.0,0.0,0.0,0.0,20.0,20.0,4.45,600.0,1.16e-10,71.8,data.xlsx
40.0,15.0,0.0,0.0,0.0,0.0,0.0,0.0,0.0,0.0,30.0,15.0,4.42,651.0,1.35e-11,75.6,data.xlsx
40.0,10.0,0.0,0.0,0.0,0.0,0.0,0.0,0.0,0.0,40.0,10.0,4.45,729.0,2.61e-11,60.9,data.xlsx
40.0,5.0,0.0,0.0,0.0,0.0,0.0,0.0,0.0,0.0,50.0,5.0,4.44,800.0,5.62e-09,47.4,data.xlsx
40.0,0.0,0.0,0.0,0.0,30.0,0.0,0.0,0.0,0.0,0.0,30.0,2.91,579.0,1.94e-13,105.7,data.xlsx
40.0,0.0,0.0,0.0,0.0,25.0,0.0,0.0,0.0,0.0,10.0,25.0,3.04,609.0,6.73e-14,103.7,data.xlsx
40.0,0.0,0.0,0.0,0.0,20.0,0.0,0.0,0.0,0.0,20.0,20.0,3.2,614.0,9.34e-15,104.2,data.xlsx
40.0,0.0,0.0,0.0,0.0,15.0,0.0,0.0,0.0,0.0,30.0,15.0,3.37,642.0,1.99e-13,72.1,data.xlsx
40.0,0.0,0.0,0.0,0.0,10.0,0.0,0.0,0.0,0.0,40.0,10.0,3.69,716.0,1.3e-10,56.1,data.xlsx
40.0,0.0,0.0,0.0,0.0,5.0,0.0,0.0,0.0,0.0,50.0,5.0,3.94,741.0,1e-08,47.0,data.xlsx
40.0,0.0,0.0,0.0,0.0,0.0,0.0,0.0,0.0,0.0,60.0,0.0,4.41,793.0,4.26e-06,35.6,data.xlsx
40.0,0.0,0.0,0.0,0.0,0.0,0.0,30.0,0.0,0.0,0.0,30.0,2.93,576.0,7.88e-13,88.8,data.xlsx
40.0,0.0,0.0,0.0,0.0,0.0,0.0,25.0,0.0,0.0,10.0,25.0,3.26,615.0,1.44e-12,85.2,data.xlsx
40.0,0.0,0.0,0.0,0.0,0.0,0.0,20.0,0.0,0.0,20.0,20.0,3.54,651.0,1.53e-12,83.8,data.xlsx
40.0,0.0,0.0,0.0,0.0,0.0,0.0,15.0,0.0,0.0,30.0,15.0,3.79,689.0,5.84e-13,84.3,data.xlsx
40.0,0.0,0.0,0.0,0.0,0.0,0.0,10.0,0.0,0.0,40.0,10.0,4.04,749.0,1.79e-11,60.5,data.xlsx
40.0,0.0,0.0,0.0,0.0,0.0,0.0,5.0,0.0,0.0,50.0,5.0,4.24,774.0,1.29e-08,46.9,data.xlsx
